timestamp,voltage,current,temperature,humidity,transistor1_state,transistor2_state
2024-10-10 11:06:44,5.12,20.1,28.5,12,0,0
2024-10-10 11:06:46,5.12,20,28.5,12,0,0
2024-10-10 11:06:49,5.12,9,28.3,12,0,0
2024-10-10 11:06:50,5.12,8.7,28.3,12,0,0
2024-10-10 11:06:53,5.12,8.8,28.5,12,0,0
2024-10-10 11:06:54,5.12,8.7,28.5,12,0,0
2024-10-10 11:06:55,5.12,8.9,28.3,12,0,0
2024-10-10 11:06:56,5.12,9.2,28.3,12,0,0
2024-10-10 11:06:57,5.12,9.5,28.2,12,0,0
2024-10-10 11:07:00,5.12,10.1,28.2,12,0,0
2024-10-10 11:07:01,5.12,10.1,28.2,12,0,0
2024-10-10 11:07:04,5.12,10.2,28.1,12,0,0
2024-10-10 11:07:06,5.12,10.4,28,12,0,0
2024-10-10 11:07:09,5.12,10.6,27.9,12,0,0
2024-10-10 11:07:10,5.12,10.7,27.9,12,0,0
2024-10-10 11:07:12,5.12,10.8,27.9,12,0,0
2024-10-10 11:07:15,5.12,10.8,27.9,12,0,0
2024-10-10 11:07:16,5.12,10.6,27.9,12,0,0
2024-10-10 11:07:18,5.12,11.1,27.8,12,0,0
2024-10-10 11:07:19,5.12,11.1,27.8,12,0,0
2024-10-10 11:07:21,5.12,10.7,27.7,12,0,0
2024-10-10 11:07:23,5.12,11,27.6,11,0,0
2024-10-10 11:07:26,5.12,10.7,27.7,11,0,0
2024-10-10 11:07:29,5.12,10.8,27.6,11,0,0
2024-10-10 11:07:31,5.12,11,27.7,11,0,0
2024-10-10 11:07:32,5.12,10.9,27.7,11,0,0
2024-10-10 11:07:34,5.12,11,27,11,0,0
2024-10-10 11:07:36,5.12,10.9,27.5,11,0,0
2024-10-10 11:07:37,5.12,10.9,27.5,11,0,0
2024-10-10 11:07:38,5.12,11.1,27.4,11,0,0
2024-10-10 11:07:41,5.12,11.1,27.4,11,0,0
2024-10-10 11:07:44,5.12,11.1,27.4,11,0,0
2024-10-10 11:07:45,5.12,11.7,27.4,11,0,0
2024-10-10 11:07:47,5.12,11.2,27.4,11,0,0
2024-10-10 11:07:50,5.12,11.5,27.3,11,0,0
2024-10-10 11:07:51,5.12,11.6,27.3,11,0,0
2024-10-10 11:07:53,5.12,11.8,27.3,11,0,0
2024-10-10 11:07:56,5.12,11.5,27.2,11,0,0
2024-10-10 11:07:59,5.12,11.4,27.1,11,0,0
2024-10-10 11:08:01,5.12,11.6,27.1,11,0,0
2024-10-10 11:08:02,5.12,11.4,27.1,11,0,0
2024-10-10 11:08:05,5.12,11.7,27,11,0,0
2024-10-10 11:08:08,5.12,11.6,27,11,0,0
2024-10-10 11:08:09,5.12,11.7,27,11,0,0
2024-10-10 11:08:11,5.12,11.7,27,11,0,0
2024-10-10 11:08:12,5.12,11.6,27,11,0,0
2024-10-10 11:08:15,5.12,11.7,26.9,11,0,0
2024-10-10 11:08:17,5.12,11.4,26.9,11,0,0
2024-10-10 11:08:20,5.12,11.9,26.9,11,0,0
2024-10-10 11:08:21,5.12,11.7,26.9,11,0,0
2024-10-10 11:08:24,5.12,11.9,27,11,0,0
2024-10-10 11:08:25,5.12,11.9,27,11,0,0
2024-10-10 11:08:26,5.12,12,26.8,11,0,0
2024-10-10 11:08:29,5.12,11.6,26.8,11,0,0
2024-10-10 11:08:30,5.12,12.1,26.8,11,0,0
2024-10-10 11:08:31,5.12,11.9,26.8,11,0,0
2024-10-10 11:08:33,5.12,11.7,26.7,11,0,0
2024-10-10 11:08:36,5.12,11.7,26.6,11,0,0
2024-10-10 11:08:39,5.12,12,26.6,11,0,0
2024-10-10 11:08:41,5.12,11.8,26.5,11,0,0
2024-10-10 11:08:44,5.12,11.9,26.6,11,0,0
2024-10-10 11:08:45,5.12,11.8,26.6,11,0,0
2024-10-10 11:08:48,5.12,11.9,26.7,11,0,0
2024-10-10 11:08:49,5.12,12,26.7,11,0,0
2024-10-10 11:08:51,5.12,12,26.5,11,0,0
2024-10-10 11:08:54,5.12,11.9,26.5,11,0,0
2024-10-10 11:08:56,5.12,12,26.5,11,0,0
2024-10-10 11:08:58,5.12,12,26.5,11,0,0
2024-10-10 11:09:00,5.12,12.2,26.4,11,0,0
2024-10-10 11:09:01,5.12,12.2,26.4,11,0,0
2024-10-10 11:09:04,5.12,12,26.4,11,0,0
2024-10-10 11:09:05,5.12,12.2,26.4,11,0,0
2024-10-10 11:09:07,5.12,12.2,26.4,11,0,0
2024-10-10 11:09:10,5.12,12.2,26.3,11,0,0
2024-10-10 11:09:12,5.12,12.1,26.3,11,0,0
2024-10-10 11:09:15,5.12,12.2,26.2,11,0,0
2024-10-10 11:09:18,5.12,11.7,26.2,10,0,0
2024-10-10 11:09:19,5.12,12.1,26.2,10,0,0
2024-10-10 11:09:21,5.12,12.1,26.2,11,0,0
2024-10-10 11:09:24,5.12,12.3,26.2,11,0,0
2024-10-10 11:09:25,5.12,12.1,26.2,11,0,0
2024-10-10 11:09:26,5.12,12.4,26.2,11,0,0
2024-10-10 11:09:29,5.12,12.5,26.2,11,0,0
2024-10-10 11:09:30,5.12,12.1,26.2,11,0,0
2024-10-10 11:09:33,5.12,12,26.1,11,0,0
2024-10-10 11:09:34,5.12,12.2,26.1,11,0,0
2024-10-10 11:09:36,5.12,12.6,26.1,11,0,0
2024-10-10 11:09:37,5.12,12.4,26.1,11,0,0
2024-10-10 11:09:40,5.12,12.2,26.1,11,0,0
2024-10-10 11:09:43,5.12,12.3,26,11,0,0
2024-10-10 11:09:44,5.12,12.3,26,11,0,0
2024-10-10 11:09:46,5.12,12.3,26.2,11,0,0
2024-10-10 11:09:49,5.12,12.6,26,11,0,0
2024-10-10 11:09:52,5.12,12.5,26,10,0,0
2024-10-10 11:09:54,5.12,12.2,26,10,0,0
2024-10-10 11:09:57,5.12,12.4,26,11,0,0
2024-10-10 11:09:59,5.12,12.5,26.2,10,0,0
2024-10-10 11:10:02,5.12,12.4,25.9,10,0,0
2024-10-10 11:10:03,5.12,12.4,25.9,10,0,0
2024-10-10 11:10:06,5.12,12.6,26.2,10,0,0
2024-10-10 11:10:08,5.12,12.1,26,10,0,0
2024-10-10 11:10:09,5.12,12.2,26,10,0,0
2024-10-10 11:10:12,5.12,12.5,25.9,10,0,0
2024-10-10 11:10:14,5.12,12.6,25.9,10,0,0
2024-10-10 11:10:17,5.12,12.5,25.8,10,0,0
2024-10-10 11:10:19,5.12,12.5,25.9,10,0,0
2024-10-10 11:10:20,5.12,12.6,25.9,10,0,0
2024-10-10 11:10:21,5.12,12.3,25.8,10,0,0
2024-10-10 11:10:23,5.12,12.6,25.8,10,0,0
2024-10-10 11:10:25,5.12,12.6,25.8,10,0,0
2024-10-10 11:10:28,5.12,12.7,25.8,10,0,0
2024-10-10 11:10:30,5.12,12.5,25.6,10,0,0
2024-10-10 11:10:32,5.12,12.7,25.7,10,0,0
2024-10-10 11:10:35,5.12,12.5,25.8,10,0,0
2024-10-10 11:10:36,5.12,12.7,25.8,10,0,0
2024-10-10 11:10:38,5.12,12.5,25.8,10,0,0
2024-10-10 11:10:41,5.12,12.8,25.7,10,0,0
2024-10-10 11:10:43,5.12,12.9,25.8,10,0,0
2024-10-10 11:10:46,5.12,12.7,25.8,10,0,0
2024-10-10 11:10:48,5.12,12.5,25.8,10,0,0
2024-10-10 11:10:49,5.12,12.8,25.8,10,0,0
2024-10-10 11:10:52,5.12,12.7,25.7,10,0,0
2024-10-10 11:10:53,5.12,12.6,25.7,10,0,0
2024-10-10 11:10:55,5.12,12.8,25.6,10,0,0
2024-10-10 11:10:58,5.12,12.7,25.6,10,0,0
2024-10-10 11:10:59,5.12,12.8,25.6,10,0,0
2024-10-10 11:11:01,5.12,12.8,25.6,10,0,0
2024-10-10 11:11:04,5.12,12.7,25.6,10,0,0
2024-10-10 11:11:05,5.12,12.6,25.6,10,0,0
2024-10-10 11:11:08,5.12,12.7,25.6,10,0,0
2024-10-10 11:11:10,5.12,12.9,25.6,10,0,0
2024-10-10 11:11:11,5.12,12.7,25.6,10,0,0
2024-10-10 11:11:14,5.12,12.8,25.6,10,0,0
2024-10-10 11:11:17,5.12,12.7,25.6,10,0,0
2024-10-10 11:11:18,5.12,12.5,25.6,10,0,0
2024-10-10 11:11:20,5.12,12.7,25.7,10,0,0
2024-10-10 11:11:23,5.12,12.5,25.5,10,0,0
2024-10-10 11:11:24,5.12,12.8,25.5,10,0,0
2024-10-10 11:11:26,5.12,12.7,25.5,10,0,0
2024-10-10 11:11:29,5.12,12.6,25.5,10,0,0
2024-10-10 11:11:31,5.12,12.6,25.5,10,0,0
2024-10-10 11:11:34,5.12,12.8,25.5,10,0,0
2024-10-10 11:11:35,5.12,12.8,25.5,10,0,0
2024-10-10 11:11:38,5.12,12.7,25.3,10,0,0
2024-10-10 11:11:40,5.12,12.6,25.4,10,0,0
2024-10-10 11:11:41,5.12,13,25.4,10,0,0
2024-10-10 11:11:44,5.12,12.8,25.5,10,0,0
2024-10-10 11:11:47,5.12,12.7,25.5,10,0,0
2024-10-10 11:11:49,5.12,12.7,25.5,10,0,0
2024-10-10 11:11:50,5.12,12.7,25.5,10,0,0
2024-10-10 11:11:52,5.12,12.7,25.5,10,0,0
2024-10-10 11:11:53,5.12,12.6,25.5,10,0,0
2024-10-10 11:11:55,5.12,12.9,25.5,10,0,0
2024-10-10 11:11:58,5.12,12.8,25.5,10,0,0
2024-10-10 11:12:01,5.12,12.7,25.5,10,0,0
2024-10-10 11:12:03,5.12,12.6,25.5,10,0,0
2024-10-10 11:12:05,5.12,12.6,25.5,10,0,0
2024-10-10 11:12:07,5.12,13,25.5,10,0,0
2024-10-10 11:12:10,5.12,12.6,25.4,10,0,0
2024-10-10 11:12:12,5.12,12.7,25.4,10,0,0
2024-10-10 11:12:15,5.12,12.9,25.5,10,0,0
2024-10-10 11:12:17,5.12,12.7,25.4,10,0,0
2024-10-10 11:12:18,5.12,12.8,25.4,10,0,0
2024-10-10 11:12:21,5.12,12.5,25.4,10,0,0
2024-10-10 11:12:22,5.12,12.6,25.4,10,0,0
2024-10-10 11:12:25,5.12,12.8,25.4,10,0,0
2024-10-10 11:12:27,5.12,12.8,25.4,10,0,0
2024-10-10 11:12:29,5.12,13,25.4,10,0,0
2024-10-10 11:12:32,5.12,12.6,25.4,10,0,0
2024-10-10 11:12:33,5.12,12.7,25.4,10,0,0
2024-10-10 11:12:36,5.12,12.8,25.4,10,0,0
2024-10-10 11:12:38,5.12,13.1,25.3,10,0,0
2024-10-10 11:12:41,5.12,12.8,25.3,10,0,0
2024-10-10 11:12:43,5.12,13.2,25.3,10,0,0
2024-10-10 11:12:46,5.12,13.1,25.3,10,0,0
2024-10-10 11:12:48,5.12,12.8,25.3,10,0,0
2024-10-10 11:12:51,5.12,12.7,25.4,10,0,0
2024-10-10 11:12:54,5.12,12.9,25.3,9,0,0
2024-10-10 11:12:56,5.12,12.9,25.3,10,0,0
2024-10-10 11:12:58,5.12,12.7,25.3,10,0,0
2024-10-10 11:13:01,5.12,12.8,25.4,10,0,0
2024-10-10 11:13:04,5.12,13,25,10,0,0
2024-10-10 11:13:06,5.12,12.7,25.2,10,0,0
2024-10-10 11:13:09,5.12,12.9,25.4,10,0,0
2024-10-10 11:13:10,5.12,12.6,25.4,10,0,0
2024-10-10 11:13:12,5.12,13.1,25.3,10,0,0
2024-10-10 11:13:15,5.12,12.9,25.2,10,0,0
2024-10-10 11:13:18,5.12,12.8,25.2,10,0,0
2024-10-10 11:13:19,5.12,12.8,25.2,10,0,0
2024-10-10 11:13:21,5.12,13.4,25.3,10,0,0
2024-10-10 11:13:24,5.12,13,25.3,10,0,0
2024-10-10 11:13:27,5.12,12.9,25.2,9,0,0
2024-10-10 11:13:29,5.12,12.6,25.4,10,0,0
2024-10-10 11:13:30,5.12,12.8,25.4,10,0,0
2024-10-10 11:13:33,5.12,12.7,25.2,10,0,0
2024-10-10 11:13:35,5.12,12.6,25.1,10,0,0
2024-10-10 11:13:38,5.12,12.7,25.4,10,0,0
2024-10-10 11:13:39,5.12,12.7,25.4,10,0,0
2024-10-10 11:13:42,5.12,13.1,25.2,10,0,0
2024-10-10 11:13:45,5.12,12.9,25.1,10,0,0
2024-10-10 11:13:46,5.12,12.8,25.1,10,0,0
2024-10-10 11:13:48,5.12,12.7,25.1,10,0,0
2024-10-10 11:13:51,5.12,12.8,25.1,10,0,0
2024-10-10 11:13:52,5.12,12.8,25.1,10,0,0
2024-10-10 11:13:55,5.12,12.5,25.3,10,0,0
2024-10-10 11:13:57,5.12,13.7,25.2,10,0,0
2024-10-10 11:14:00,5.12,13.2,24.9,10,0,0
2024-10-10 11:14:03,5.12,14,25.4,10,0,0
2024-10-10 11:14:04,5.12,14.1,25.4,10,0,0
2024-10-10 11:14:06,5.12,13.9,25.6,10,0,0
2024-10-10 11:14:07,5.12,13.6,25.6,10,0,0
2024-10-10 11:14:09,5.12,13.1,25.9,10,0,0
2024-10-10 11:14:11,5.12,13.1,26,10,0,0
2024-10-10 11:14:12,5.12,14.2,26,10,0,0
2024-10-10 11:14:14,5.12,14.2,26.3,11,0,0
2024-10-10 11:14:16,5.12,14.1,26.5,11,0,0
2024-10-10 11:14:17,5.12,13.8,26.5,11,0,0
2024-10-10 11:14:20,5.12,14.1,26.8,11,0,0
2024-10-10 11:14:21,5.12,14.4,26.8,11,0,0
2024-10-10 11:14:23,5.12,14.3,27.1,11,0,0
2024-10-10 11:14:26,5.12,14.1,27.5,12,0,0
2024-10-10 11:14:28,5.12,14.2,27.6,12,0,0
2024-10-10 11:14:31,5.12,14,27.8,11,0,0
2024-10-10 11:14:32,5.12,14.2,27.8,11,0,0
2024-10-10 11:14:35,5.12,14.3,27.8,11,0,0
2024-10-10 11:14:36,5.12,14,27.8,11,0,0
2024-10-10 11:14:38,5.12,13.9,28,10,0,0
2024-10-10 11:14:41,5.12,14.1,28.3,11,0,0
2024-10-10 11:14:42,5.12,13.9,28.3,11,0,0
2024-10-10 11:14:43,5.12,14.4,28.4,11,0,0
2024-10-10 11:14:45,5.12,14,28.4,11,0,0
2024-10-10 11:14:47,5.12,14,28.5,11,0,0
2024-10-10 11:14:48,5.12,13.9,28.5,11,0,0
2024-10-10 11:14:51,5.12,13.9,28.6,11,0,0
2024-10-10 11:14:52,5.12,14,28.6,11,0,0
2024-10-10 11:14:53,5.12,13.8,28.8,11,0,0
2024-10-10 11:14:54,5.12,14,28.8,11,0,0
2024-10-10 11:14:56,5.12,14,28.9,11,0,0
2024-10-10 11:14:57,5.12,14.3,28.9,11,0,0
2024-10-10 11:14:59,5.12,14.3,28.9,11,0,0
2024-10-10 11:15:02,5.12,11.6,29,11,0,0
2024-10-10 11:15:05,5.12,11.8,29.2,11,0,0
2024-10-10 11:15:07,5.12,11.5,29,11,0,0
2024-10-10 11:15:10,5.12,12.1,29.4,11,0,0
2024-10-10 11:15:12,5.12,11.5,29.3,11,0,0
2024-10-10 11:15:13,5.12,11.5,29.3,11,0,0
2024-10-10 11:15:15,5.12,11.5,29.6,11,0,0
2024-10-10 11:15:17,5.12,13.5,29.6,10,0,0
2024-10-10 11:15:20,5.12,12.2,29.9,11,0,0
2024-10-10 11:15:22,5.12,12.2,30.3,11,1,0
2024-10-10 11:15:24,5.12,11.9,30.3,11,1,0
2024-10-10 11:15:26,5.12,11.9,30.4,11,1,0
2024-10-10 11:15:28,5.12,11.2,30.6,10,1,0
2024-10-10 11:15:31,5.12,11.5,30.8,11,1,0
2024-10-10 11:15:34,5.12,11.3,30.9,11,1,0
2024-10-10 11:15:36,5.12,11.6,31,11,1,0
2024-10-10 11:15:39,5.12,11.3,31.3,10,1,0
2024-10-10 11:15:40,5.12,11.3,31.3,10,1,0
2024-10-10 11:15:43,5.12,11.2,31.3,10,1,0
2024-10-10 11:15:45,5.12,11.2,31.5,10,1,0
2024-10-10 11:15:46,5.12,11.3,31.5,10,1,0
2024-10-10 11:15:49,5.12,11.1,31.7,10,1,0
2024-10-10 11:15:51,5.12,11.5,31.8,10,1,0
2024-10-10 11:15:54,5.12,11.6,31.9,10,1,0
2024-10-10 11:15:56,5.12,11.6,32,10,1,0
2024-10-10 11:15:59,5.12,11.1,32.1,10,1,0
2024-10-10 11:16:01,5.12,10.9,32.1,10,1,0
2024-10-10 11:16:02,5.12,11,32.1,10,1,0
2024-10-10 11:16:05,5.12,11.1,32.2,10,1,0
2024-10-10 11:16:07,5.12,11,32.3,10,1,0
2024-10-10 11:16:08,5.12,11.5,32.3,10,1,0
2024-10-10 11:16:11,5.12,11.4,32.3,10,1,0
2024-10-10 11:16:13,5.12,11.2,32.4,10,1,0
2024-10-10 11:16:16,5.12,11.2,32.5,10,1,0
2024-10-10 11:16:17,5.12,11.1,32.5,10,1,0
2024-10-10 11:16:20,5.12,10.9,32.3,10,1,0
2024-10-10 11:16:22,5.12,9.9,32.5,9,1,0
2024-10-10 11:16:24,5.12,10.6,32.5,9,1,0
2024-10-10 11:16:26,5.12,10.3,32.7,9,1,0
2024-10-10 11:16:28,5.12,10.3,32.5,9,1,0
2024-10-10 11:16:31,5.12,10.3,32.5,9,1,0
2024-10-10 11:16:34,5.12,10.4,32.5,9,1,0
2024-10-10 11:16:35,5.12,10.3,32.5,9,1,0
2024-10-10 11:16:37,5.12,10.4,32.5,9,1,0
2024-10-10 11:16:40,5.13,10.4,32.5,9,1,0
2024-10-10 11:16:43,5.12,9.9,32.6,9,1,0
2024-10-10 11:16:45,5.12,9.8,32.8,9,1,0
2024-10-10 11:16:47,5.12,10,32.8,9,1,0
2024-10-10 11:16:48,5.12,9.9,32.8,9,1,0
2024-10-10 11:16:50,5.12,9.8,32.6,9,1,0
2024-10-10 11:16:53,5.12,10.7,32.7,9,1,0
2024-10-10 11:16:54,5.12,10.3,32.7,9,1,0
2024-10-10 11:16:55,5.12,10.1,32.6,9,1,0
2024-10-10 11:16:58,5.12,9.9,32.5,10,1,0
2024-10-10 11:17:00,5.12,9.9,32.8,10,1,0
2024-10-10 11:17:01,5.12,9.9,32.8,10,1,0
2024-10-10 11:17:04,5.12,9.5,32.7,9,1,0
2024-10-10 11:17:05,5.12,9.9,32.7,9,1,0
2024-10-10 11:17:07,5.12,9.9,32.7,9,1,0
2024-10-10 11:17:10,5.12,9.7,32.7,9,1,0
2024-10-10 11:17:11,5.12,9.9,32.7,9,1,0
2024-10-10 11:17:14,5.12,9.9,32.8,9,1,0
2024-10-10 11:17:16,5.12,9.7,32.7,8,1,0
2024-10-10 11:17:19,5.12,9.3,32.7,8,1,0
2024-10-10 11:17:20,5.12,9.5,32.7,8,1,0
2024-10-10 11:17:21,5.12,10.7,32.7,8,1,0
2024-10-10 11:17:23,5.12,10.4,32.7,8,1,0
2024-10-10 11:17:25,5.13,10.3,32.8,8,1,0
2024-10-10 11:17:28,5.12,9.9,32.5,9,1,0
2024-10-10 11:17:30,5.12,10.2,32.7,9,1,0
2024-10-10 11:17:33,5.12,10.4,32.8,9,1,0
2024-10-10 11:17:35,5.12,9.9,32.7,9,1,0
2024-10-10 11:17:36,5.12,9.3,32.7,9,1,0
2024-10-10 11:17:38,5.12,10,32.8,9,1,0
2024-10-10 11:17:39,5.12,16,32.8,9,1,0
2024-10-10 11:17:41,5.12,9.7,32.8,8,1,0
2024-10-10 11:17:43,5.12,9.8,32.8,8,1,0
2024-10-10 11:17:45,5.12,9.8,32.8,8,1,0
2024-10-10 11:17:48,5.12,9.7,32.8,8,1,0
2024-10-10 11:17:50,5.12,9.7,33,8,1,0
2024-10-10 11:17:52,5.12,9.8,33,8,1,0
2024-10-10 11:17:53,5.12,9.7,32.8,8,1,0
2024-10-10 11:17:55,5.12,9.6,32.7,8,1,0
2024-10-10 11:17:58,5.12,9.3,32.8,8,1,0
2024-10-10 11:18:00,5.13,9.8,32.8,8,1,0
2024-10-10 11:18:01,5.12,9.7,32.8,8,1,0
2024-10-10 11:18:04,5.12,9.5,32.7,8,1,0
2024-10-10 11:18:06,5.12,9.2,32.8,8,1,0
2024-10-10 11:18:09,5.12,9.3,32.9,8,1,0
2024-10-10 11:18:12,5.12,9.5,32.8,8,1,0
2024-10-10 11:18:14,5.12,9.3,32.8,8,1,0
2024-10-10 11:18:17,5.12,9.2,32.8,8,1,0
2024-10-10 11:18:18,5.12,9.3,32.8,8,1,0
2024-10-10 11:18:21,5.12,9.3,32.9,8,1,0
2024-10-10 11:18:23,5.12,9.5,32.9,8,1,0
2024-10-10 11:18:25,5.12,10,32.8,8,1,0
2024-10-10 11:18:27,5.12,9.5,32.8,8,1,0
2024-10-10 11:18:29,5.12,10.8,32.9,8,1,0
2024-10-10 11:18:30,5.12,8.9,32.9,8,1,0
2024-10-10 11:18:31,5.12,10.1,32.9,8,1,0
2024-10-10 11:18:34,5.12,14.4,32.8,7,1,0
2024-10-10 11:18:35,5.12,8.8,32.8,7,1,0
2024-10-10 11:18:38,5.12,11.3,33,8,1,0
2024-10-10 11:18:40,5.12,31.9,32.9,7,1,1
2024-10-10 11:18:43,5.12,30.1,32.8,8,1,1
2024-10-10 11:18:44,5.12,30.2,32.8,8,1,1
2024-10-10 11:18:46,5.12,29.4,32.9,8,1,0
2024-10-10 11:18:48,5.12,29.5,32.9,8,1,0
2024-10-10 11:18:50,5.12,29.2,32.8,7,1,0
2024-10-10 11:18:51,5.12,28.8,32.8,7,1,0
2024-10-10 11:18:53,5.11,28.4,32.8,7,1,0
2024-10-10 11:18:56,5.12,28.7,32.5,7,1,0
2024-10-10 11:18:57,5.12,28.3,32.5,7,1,0
2024-10-10 11:18:59,5.12,28.1,32.5,7,1,0
2024-10-10 11:19:02,5.12,27.6,32.3,7,1,0
2024-10-10 11:19:03,5.12,27.9,32.3,7,1,0
2024-10-10 11:19:06,5.12,27.1,32.2,7,1,0
2024-10-10 11:19:08,5.12,27.4,32,7,1,0
2024-10-10 11:19:09,5.12,27.3,32,7,1,0
2024-10-10 11:19:12,5.12,27.1,31.8,7,1,0
2024-10-10 11:19:13,5.12,27,31.8,7,1,0
2024-10-10 11:19:16,5.12,27.2,31.5,7,1,0
2024-10-10 11:19:17,5.12,27.3,31.5,7,1,0
2024-10-10 11:19:18,5.12,26.9,31.4,7,1,0
2024-10-10 11:19:21,5.12,26.7,31.3,7,1,0
2024-10-10 11:19:23,5.12,26.7,31,7,1,0
2024-10-10 11:19:24,5.12,26.7,31,7,1,0
2024-10-10 11:19:27,5.12,26.5,31.3,7,1,0
2024-10-10 11:19:29,5.12,26.6,30.9,7,1,0
2024-10-10 11:19:32,5.12,26.1,30.8,7,1,0
2024-10-10 11:19:33,5.12,26.5,30.8,7,1,0
2024-10-10 11:19:36,5.12,26.2,30.6,7,1,0
2024-10-10 11:19:38,5.12,26.2,30.3,7,1,0
2024-10-10 11:19:41,5.12,26.3,30.3,7,1,0
2024-10-10 11:19:44,5.12,26.1,30.3,7,1,0
2024-10-10 11:19:45,5.12,26.6,30.3,7,1,0
2024-10-10 11:19:46,5.12,26.1,29.8,7,0,0
2024-10-10 11:19:47,5.11,42.6,29.8,7,0,1
2024-10-10 11:19:50,5.12,26.5,30,7,1,0
2024-10-10 11:19:53,5.12,26.3,29.9,7,0,0
2024-10-10 11:19:54,5.12,26.7,29.9,7,0,0
2024-10-10 11:19:56,5.12,26.6,29.8,7,0,0
2024-10-10 11:19:59,5.12,26.4,29.5,7,0,0
2024-10-10 11:20:01,5.12,26,29.5,7,0,0
2024-10-10 11:20:04,5.12,26.1,29.5,7,0,0
2024-10-10 11:20:05,5.12,25.9,29.5,7,0,0
2024-10-10 11:20:08,5.12,26.2,29.3,7,0,0
2024-10-10 11:20:09,5.12,25.9,29.3,7,0,0
2024-10-10 11:20:10,5.12,26,29.3,7,0,0
2024-10-10 11:20:13,5.12,25.8,29.3,7,0,0
2024-10-10 11:20:15,5.12,26,29.2,7,0,0
2024-10-10 11:20:18,5.12,26,29,7,0,0
2024-10-10 11:20:19,5.12,25.6,29,7,0,0
2024-10-10 11:20:21,5.12,25.5,28.7,7,0,0
2024-10-10 11:20:24,5.12,25.8,28.9,8,0,0
2024-10-10 11:20:26,5.12,25.4,28.7,8,0,0
2024-10-10 11:20:29,5.12,25.4,28.8,8,0,0
2024-10-10 11:20:32,5.12,25.5,28.5,8,0,0
2024-10-10 11:20:33,5.12,25.8,28.5,8,0,0
2024-10-10 11:20:35,5.12,25,28.5,8,0,0
2024-10-10 11:20:38,5.12,25.6,28.3,8,0,0
2024-10-10 11:20:39,5.12,25.8,28.3,8,0,0
2024-10-10 11:20:41,5.12,25.6,28.2,8,0,0
2024-10-10 11:20:44,5.12,25.3,28.2,8,0,0
2024-10-10 11:20:46,5.12,25.2,28.2,8,0,0
2024-10-10 11:20:48,5.12,25.3,28.2,8,0,0
2024-10-10 11:20:50,5.12,25.2,28.2,8,0,0
2024-10-10 11:20:52,5.12,24.6,28,8,0,0
2024-10-10 11:20:54,5.12,25,28,8,0,0
2024-10-10 11:20:56,5.12,24.6,28,8,0,0
2024-10-10 11:20:58,5.12,24.7,27.9,8,0,0
2024-10-10 11:21:01,5.12,24.4,27.9,8,0,0
2024-10-10 11:21:02,5.12,24.4,27.9,8,0,0
2024-10-10 11:21:05,5.12,24.2,27.8,8,0,0
2024-10-10 11:21:07,5.12,24.3,27.9,52,0,0
2024-10-10 11:21:10,5.12,24.7,27.7,59,0,0
2024-10-10 11:21:11,5.12,24.5,27.7,59,0,0
2024-10-10 11:21:14,5.12,24.4,27.7,62,0,0
2024-10-10 11:21:16,5.12,24.4,27.5,63,0,0
2024-10-10 11:21:19,5.12,24,27.6,63,0,0
2024-10-10 11:21:21,5.12,23.8,27.6,62,0,0
2024-10-10 11:21:24,5.12,23.7,27.5,58,0,0
2024-10-10 11:21:27,5.12,23.5,27.5,54,0,0
2024-10-10 11:21:29,5.12,23.7,27.5,48,0,0
2024-10-10 11:21:32,5.12,23.9,27.4,40,0,0
2024-10-10 11:21:34,5.12,23.7,27.4,32,0,0
2024-10-10 11:21:36,5.12,23.7,27.4,32,0,0
2024-10-10 11:21:38,5.12,23.1,27.4,27,0,0
2024-10-10 11:21:41,5.12,23.3,27.2,23,0,0
2024-10-10 11:21:42,5.12,22.9,27.2,23,0,0
2024-10-10 11:21:44,5.12,23.1,27.2,21,0,0
2024-10-10 11:21:47,5.12,22.9,27.2,19,0,0
2024-10-10 11:21:49,5.12,23.1,27.1,18,0,0
2024-10-10 11:21:52,5.12,22.7,27.2,17,0,0
2024-10-10 11:21:53,5.12,23.1,27.2,17,0,0
2024-10-10 11:21:56,5.12,22.8,27,16,0,0
2024-10-10 11:21:58,5.12,22.6,27,15,0,0
2024-10-10 11:22:01,5.12,22.6,27,15,0,0
2024-10-10 11:22:04,5.12,22.2,27.1,14,0,0
2024-10-10 11:22:06,5.12,22.6,26.8,14,0,0
2024-10-10 11:22:09,5.12,22.3,26.8,14,0,0
2024-10-10 11:22:10,5.12,21.8,26.8,14,0,0
2024-10-10 11:22:13,5.12,22.2,26.8,13,0,0
2024-10-10 11:22:15,5.12,21.8,26.7,13,0,0
2024-10-10 11:22:18,5.12,21.5,26.6,13,0,0
2024-10-10 11:22:21,5.12,21.5,26.8,13,0,0
2024-10-10 11:22:23,5.12,21.4,26.6,12,0,0
2024-10-10 11:22:26,5.12,21.4,26.6,12,0,0
2024-10-10 11:22:28,5.12,21.3,26.6,12,0,0
2024-10-10 11:22:29,5.12,21.8,26.6,12,0,0
2024-10-10 11:22:32,5.12,21.4,26.5,12,0,0
2024-10-10 11:22:35,5.12,21.7,26.5,12,0,0
2024-10-10 11:22:37,5.12,21.4,26.5,12,0,0
2024-10-10 11:22:38,5.12,21.3,26.5,12,0,0
2024-10-10 11:22:41,5.12,21.3,26.5,12,0,0
2024-10-10 11:22:42,5.12,21.5,26.5,12,0,0
2024-10-10 11:22:43,5.12,21.5,26.3,12,0,0
2024-10-10 11:22:46,5.12,21.3,26.3,11,0,0
2024-10-10 11:22:47,5.12,21.4,26.3,11,0,0
2024-10-10 11:22:50,5.12,21.3,26.3,11,0,0
2024-10-10 11:22:52,5.12,21.7,26.3,11,0,0
2024-10-10 11:22:53,5.12,21.4,26.3,11,0,0
2024-10-10 11:22:56,5.12,21.4,26.2,11,0,0
2024-10-10 11:22:59,5.12,21.1,26.2,11,0,0
2024-10-10 11:23:00,5.12,21.3,26.2,11,0,0
2024-10-10 11:23:02,5.12,21,26.5,11,0,0
2024-10-10 11:23:05,5.12,21.3,26.3,11,0,0
2024-10-10 11:23:06,5.12,21.4,26.3,11,0,0
2024-10-10 11:23:07,5.12,20.9,26.2,11,0,0
2024-10-10 11:23:09,5.12,20.8,26.2,11,0,0
2024-10-10 11:23:11,5.12,20.9,26.2,11,0,0
2024-10-10 11:23:13,5.12,21.1,26.2,11,0,0
2024-10-10 11:23:14,5.12,20.5,26.2,11,0,0
2024-10-10 11:23:17,5.12,20.8,26.1,11,0,0
2024-10-10 11:23:19,5.12,20.5,26.1,11,0,0
2024-10-10 11:23:22,5.12,20.8,26,11,0,0
2024-10-10 11:23:24,5.12,20.7,26,11,0,0
2024-10-10 11:23:27,5.12,20.4,25.9,11,0,0
2024-10-10 11:23:29,5.12,20.2,26,11,0,0
2024-10-10 11:23:32,5.12,20.4,26,11,0,0
2024-10-10 11:23:34,5.12,20.2,26,11,0,0
2024-10-10 11:23:37,5.12,20.6,25.9,11,0,0
2024-10-10 11:23:39,5.12,20.4,25.9,11,0,0
2024-10-10 11:23:40,5.12,20.2,25.9,11,0,0
2024-10-10 11:23:43,5.12,20.3,25.9,11,0,0
2024-10-10 11:23:45,5.12,20.1,25.9,11,0,0
2024-10-10 11:23:48,5.12,20.5,25.8,11,0,0
2024-10-10 11:23:49,5.12,20.4,25.8,11,0,0
2024-10-10 11:23:51,5.12,20.8,25.8,10,0,0
2024-10-10 11:23:54,5.12,20.5,25.8,11,0,0
2024-10-10 11:23:56,5.12,20.4,25.8,11,0,0
2024-10-10 11:23:59,5.12,20.3,25.8,11,0,0
2024-10-10 11:24:02,5.12,20.3,25.9,11,0,0
2024-10-10 11:24:04,5.12,20.1,25.8,11,0,0
2024-10-10 11:24:06,5.12,20.3,25.8,11,0,0
2024-10-10 11:24:07,5.12,20.1,25.8,10,0,0
2024-10-10 11:24:09,5.12,20,25.7,12,0,0
2024-10-10 11:24:12,5.12,20,25.8,35,0,0
2024-10-10 11:24:15,5.12,20.2,25.7,49,0,0
2024-10-10 11:24:17,5.12,20.3,25.8,56,0,0
2024-10-10 11:24:18,5.12,20.2,25.8,56,0,0
2024-10-10 11:24:21,5.12,20.5,26,60,0,0
2024-10-10 11:24:22,5.12,20.2,26,60,0,0
2024-10-10 11:24:25,5.12,20.1,25.8,62,0,0
2024-10-10 11:24:26,5.12,20.1,25.8,62,0,0
2024-10-10 11:24:28,5.12,20.2,25.8,61,0,0
2024-10-10 11:24:29,5.12,19.9,25.8,61,0,0
2024-10-10 11:24:31,5.12,19.9,25.8,61,0,0
2024-10-10 11:24:32,5.12,20.1,25.8,61,0,0
2024-10-10 11:24:34,5.12,19.8,25.9,60,0,0
2024-10-10 11:24:37,5.12,20.2,25.8,61,0,0
2024-10-10 11:24:40,5.12,20.2,25.9,61,0,0
2024-10-10 11:24:42,5.12,20.1,25.9,60,0,0
2024-10-10 11:24:44,5.12,29.7,25.9,60,0,0
2024-10-10 11:24:45,5.11,29.5,25.6,56,0,0
2024-10-10 11:24:47,5.11,29.1,25.8,51,0,0
2024-10-10 11:24:50,5.12,29,25.9,46,0,0
2024-10-10 11:24:51,5.11,28.9,25.9,46,0,0
2024-10-10 11:24:54,5.11,28.9,26.1,39,0,0
2024-10-10 11:24:56,5.12,28.7,25.8,31,0,0
2024-10-10 11:24:59,5.12,28.7,25.8,28,0,0
2024-10-10 11:25:00,5.12,28.5,25.8,28,0,0
2024-10-10 11:25:02,5.12,28.8,25.9,26,0,0
2024-10-10 11:25:05,5.11,28.7,25.7,22,0,0
2024-10-10 11:25:06,5.12,29.2,25.7,22,0,0
2024-10-10 11:25:08,5.12,28.5,25.8,20,0,0
2024-10-10 11:25:11,5.11,29,25.8,19,0,0
2024-10-10 11:25:13,5.11,28.8,25.8,18,0,0
2024-10-10 11:25:16,5.11,29,25.8,17,0,0
2024-10-10 11:25:17,5.12,28.7,25.8,17,0,0
2024-10-10 11:25:20,5.12,28.8,25.7,17,0,0
2024-10-10 11:25:21,5.12,28.7,25.7,17,0,0
2024-10-10 11:25:23,5.11,28.4,25.6,16,0,0
2024-10-10 11:25:26,5.11,28.4,25.6,16,0,0
2024-10-10 11:25:27,5.11,28.4,25.6,16,0,0
2024-10-10 11:25:29,5.12,28.6,25.8,15,0,0
2024-10-10 11:25:32,5.11,28.4,25.6,15,0,0
2024-10-10 11:25:35,5.12,28.7,25.6,14,0,0
2024-10-10 11:25:36,5.11,28.8,25.6,14,0,0
2024-10-10 11:25:38,5.11,28.5,25.7,14,0,0
2024-10-10 11:25:41,5.11,28.7,25.5,14,0,0
2024-10-10 11:25:43,5.11,28.5,25.5,14,0,0
2024-10-10 11:25:46,5.12,28.3,25.5,14,0,0
2024-10-10 11:25:47,5.12,28.5,25.5,14,0,0
2024-10-10 11:25:50,5.11,28.3,25.5,14,0,0
2024-10-10 11:25:52,5.12,28.3,25.5,13,0,0
2024-10-10 11:25:53,5.12,28.8,25.5,13,0,0
2024-10-10 11:25:56,5.12,28.6,25.6,13,0,0
2024-10-10 11:25:58,5.12,28.4,25.5,13,0,0
2024-10-10 11:26:01,5.12,28.7,25.5,13,0,0
2024-10-10 11:26:04,5.12,28.5,25.4,13,0,0
2024-10-10 11:26:05,5.12,28.3,25.4,13,0,0
2024-10-10 11:26:07,5.12,28.2,25.4,12,0,0
2024-10-10 11:26:08,5.12,28.2,25.4,12,0,0
2024-10-10 11:26:11,5.11,28.4,25.4,12,0,0
2024-10-10 11:26:14,5.11,28.7,25.4,12,0,0
2024-10-10 11:26:16,5.11,28.1,25.4,12,0,0
2024-10-10 11:26:17,5.11,28.7,25.4,12,0,0
2024-10-10 11:26:20,5.12,28.2,25.3,12,0,0
2024-10-10 11:26:22,5.11,28.3,25.3,12,0,0
2024-10-10 11:26:25,5.11,28.3,25.3,12,0,0
2024-10-10 11:26:27,5.12,28.4,25.3,12,0,0
2024-10-10 11:26:30,5.1,45.5,25.2,12,0,1
2024-10-10 11:26:33,5.12,28.3,25.3,11,0,0
2024-10-10 11:26:35,5.12,28.3,25.1,12,0,0
2024-10-10 11:26:36,5.12,28.6,25.1,12,0,0
2024-10-10 11:26:39,5.12,28.1,25.1,12,0,0
2024-10-10 11:26:42,5.11,28.4,25.1,12,0,0
2024-10-10 11:26:43,5.12,28.8,25.1,12,0,0
2024-10-10 11:26:45,5.11,28.6,25.3,12,0,0
2024-10-10 11:26:47,5.12,28.2,25.3,12,0,0
2024-10-10 11:26:49,5.12,28.6,25.1,12,0,0
2024-10-10 11:26:51,5.12,28.3,25.1,12,0,0
2024-10-10 11:26:54,5.12,28,25,12,0,0
2024-10-10 11:26:57,5.12,28.1,25,11,0,0
2024-10-10 11:26:58,5.11,28.2,25,11,0,0
2024-10-10 11:27:00,5.12,28.2,25.1,12,0,0
2024-10-10 11:27:01,5.11,28.2,25.1,12,0,0
2024-10-10 11:27:04,5.11,28.2,25,11,0,0
2024-10-10 11:27:05,5.12,28.3,25,11,0,0
2024-10-10 11:27:08,5.11,28,25,11,0,0
2024-10-10 11:27:09,5.12,28.2,25,11,0,0
2024-10-10 11:27:11,5.11,28.3,25,11,0,0
2024-10-10 11:27:13,5.12,28.3,25,11,0,0
2024-10-10 11:27:15,5.12,28.1,24.9,11,0,0
2024-10-10 11:27:18,5.12,27.9,25,11,0,0
2024-10-10 11:27:20,5.12,27.8,24.7,11,0,0
2024-10-10 11:27:21,5.12,27.9,24.7,11,0,0
2024-10-10 11:27:24,5.12,28.1,24.9,11,0,0
2024-10-10 11:27:25,5.12,27.9,24.9,11,0,0
2024-10-10 11:27:27,5.11,28.2,24.9,11,0,0
2024-10-10 11:27:30,5.12,27.8,24.9,11,0,0
2024-10-10 11:27:32,5.11,27.7,24.9,11,0,0
2024-10-10 11:27:35,5.12,27.8,24.9,11,0,0
2024-10-10 11:27:36,5.11,28.1,24.9,11,0,0
2024-10-10 11:27:39,5.12,27.9,24.5,11,0,0
2024-10-10 11:27:42,5.12,27.7,24.9,11,0,0
2024-10-10 11:27:44,5.12,27.7,24.9,11,0,0
2024-10-10 11:27:47,5.12,27.7,24.8,11,0,0
2024-10-10 11:27:48,5.12,28,24.8,11,0,0
2024-10-10 11:27:51,5.12,8.5,25,11,0,0
2024-10-10 11:27:53,5.12,10,24.8,11,0,0
2024-10-10 11:27:56,5.12,9.9,24.9,11,0,0
2024-10-10 11:27:57,5.12,11.2,24.9,11,0,0
2024-10-10 11:27:59,5.12,28.6,24.8,11,0,0
2024-10-10 11:28:00,5.12,28.1,24.8,11,0,0
2024-10-10 11:28:03,5.12,28.9,24.9,12,0,0
2024-10-10 11:28:06,5.12,29.4,25,12,0,0
2024-10-10 11:28:07,5.12,26.9,25,12,0,0
2024-10-10 11:28:09,5.12,26.4,25.3,12,0,0
2024-10-10 11:28:10,5.12,25.4,25.3,12,0,0
2024-10-10 11:28:12,5.12,25.3,25.5,11,0,0
2024-10-10 11:28:14,5.12,24.9,25.8,11,0,0
2024-10-10 11:28:15,5.12,24.1,25.8,11,0,0
2024-10-10 11:28:18,5.12,15.2,25.9,11,0,0
2024-10-10 11:28:21,5.12,19.6,26.2,11,0,0
2024-10-10 11:28:23,5.12,19.8,26.5,11,0,0
2024-10-10 11:28:24,5.12,19.2,26.5,11,0,0
2024-10-10 11:28:26,5.12,20.2,26.6,11,0,0
2024-10-10 11:28:28,5.12,15.7,26.8,11,0,0
2024-10-10 11:28:30,5.12,15.4,27,12,0,0
2024-10-10 11:28:32,5.12,16.3,27,12,0,0
2024-10-10 11:28:33,5.12,15.6,27.1,12,0,0
2024-10-10 11:28:35,5.12,36,27.3,12,0,1
2024-10-10 11:28:38,5.12,40.5,27.4,12,0,1
2024-10-10 11:28:40,5.12,41.9,27.6,12,0,1
2024-10-10 11:28:43,5.12,31,27.6,14,0,1
2024-10-10 11:28:46,5.12,32.9,27.7,15,0,1
2024-10-10 11:28:48,5.12,32.9,27.6,14,0,1
2024-10-10 11:28:49,5.12,32.1,27.6,14,0,1
2024-10-10 11:28:52,5.12,31.1,27.9,14,0,1
2024-10-10 11:28:55,5.12,30.8,28,13,0,1
2024-10-10 11:28:56,5.12,30.9,28,13,0,1
2024-10-10 11:28:57,5.12,31.5,28.2,14,0,1
2024-10-10 11:28:59,5.12,30,28.3,13,0,1
2024-10-10 11:29:02,5.12,30.3,28.3,13,0,1
2024-10-10 11:29:03,5.12,29.9,28.3,13,0,0
2024-10-10 11:29:06,5.12,29.5,28.5,13,0,0
2024-10-10 11:29:08,5.12,29.7,28.5,14,0,0
2024-10-10 11:29:11,5.12,29.6,28.8,14,0,0
2024-10-10 11:29:14,5.12,29.8,29,13,0,0
2024-10-10 11:29:15,5.12,29.3,29,13,0,0
2024-10-10 11:29:17,5.12,29.2,28.8,13,0,0
2024-10-10 11:29:20,5.12,29.5,28.9,13,0,0
2024-10-10 11:29:21,5.12,29.4,28.9,13,0,0
2024-10-10 11:29:24,5.12,29.5,28.5,13,0,0
2024-10-10 11:29:26,5.12,29.5,29.1,14,0,0
2024-10-10 11:29:29,5.12,29.4,29,13,0,0
2024-10-10 11:29:31,5.12,29.2,29,13,0,0
2024-10-10 11:29:34,5.12,29.3,29.1,13,0,0
2024-10-10 11:29:37,5.12,29.2,28.9,13,0,0
2024-10-10 11:29:39,5.12,30.4,29.3,13,0,1
2024-10-10 11:29:42,5.12,29.5,29.5,13,0,0
2024-10-10 11:29:44,5.12,31.4,29.3,13,0,1
2024-10-10 11:29:47,5.12,30.1,29.4,14,0,1
2024-10-10 11:29:50,5.12,31.4,29.5,13,0,1
2024-10-10 11:29:52,5.12,30.4,29.5,13,0,1
2024-10-10 11:29:53,5.12,31.4,29.5,13,0,1
2024-10-10 11:29:56,5.12,31.5,29.6,13,0,1
2024-10-10 11:29:59,5.12,31.3,29.6,12,0,1
2024-10-10 11:30:01,5.12,30.8,29.6,12,0,1
2024-10-10 11:30:04,5.12,30.7,29.8,12,0,1
2024-10-10 11:30:05,5.12,31,29.8,12,0,1
2024-10-10 11:30:06,5.12,31,29.9,12,0,1
2024-10-10 11:30:08,5.12,30.6,30,12,1,1
2024-10-10 11:30:11,5.12,30.8,29.9,12,0,1
2024-10-10 11:30:13,5.12,30.8,30,12,1,1
2024-10-10 11:30:15,5.12,30.8,30,12,1,1
2024-10-10 11:30:17,5.12,36.8,30.1,12,1,1
2024-10-10 11:30:18,5.12,34.5,30.1,12,1,1
2024-10-10 11:30:21,5.12,36.2,30.1,12,1,1
2024-10-10 11:30:23,5.12,33.1,30.3,12,1,1
2024-10-10 11:30:26,5.12,32.5,30.3,12,1,1
2024-10-10 11:30:27,5.12,32.1,30.3,12,1,1
2024-10-10 11:30:30,5.12,51.1,30.7,12,1,1
2024-10-10 11:30:31,5.12,31.8,30.7,12,1,1
2024-10-10 11:30:33,5.12,30.7,30.4,13,1,1
2024-10-10 11:30:35,5.12,30.2,30.4,13,1,1
2024-10-10 11:30:37,5.12,30.3,30.4,13,1,1
2024-10-10 11:30:39,5.12,30.7,30.3,12,1,1
2024-10-10 11:30:42,5.12,28.3,30.5,12,1,0
2024-10-10 11:30:43,5.12,27.5,30.5,12,1,0
2024-10-10 11:30:46,5.12,27.3,30.5,12,1,0
2024-10-10 11:30:48,5.12,27.4,30.5,12,1,0
2024-10-10 11:30:49,5.12,26.9,30.5,12,1,0
2024-10-10 11:30:51,5.12,27.5,30.8,13,1,0
2024-10-10 11:30:53,5.12,27.7,30.8,13,1,0
2024-10-10 11:30:54,5.12,27.6,30.8,13,1,0
2024-10-10 11:30:56,5.12,27.3,30.7,13,1,0
2024-10-10 11:30:57,5.12,44.2,30.7,13,1,1
2024-10-10 11:30:59,5.12,27.4,30.7,12,1,0
2024-10-10 11:31:01,5.12,27.4,30.7,12,1,0
2024-10-10 11:31:03,5.12,27.8,30.8,12,1,0
2024-10-10 11:31:05,5.12,28.1,30.7,12,1,0
2024-10-10 11:31:08,5.12,28,30.8,12,1,0
2024-10-10 11:31:10,5.12,27.6,30.9,12,1,0
2024-10-10 11:31:13,5.12,27.3,30.8,12,1,0
2024-10-10 11:31:16,5.12,26.3,31,12,1,0
2024-10-10 11:31:18,5.12,26.4,30.8,12,1,0
2024-10-10 11:31:21,5.12,26.5,31,11,1,0
2024-10-10 11:31:23,5.12,26.7,30.9,11,1,0
2024-10-10 11:31:26,5.12,26.9,30.9,11,1,0
2024-10-10 11:31:28,5.12,27.2,30.9,11,1,0
2024-10-10 11:31:31,5.12,27.1,31,11,1,0
2024-10-10 11:31:32,5.12,26.6,31,11,1,0
2024-10-10 11:31:33,5.12,26.9,30.8,11,1,0
2024-10-10 11:31:36,5.12,38.7,31,11,1,1
2024-10-10 11:31:37,5.12,38.8,31,11,1,1
2024-10-10 11:31:39,5.12,39.3,31,11,1,1
2024-10-10 11:31:42,5.12,40.5,30.9,11,1,1
2024-10-10 11:31:44,5.12,40.8,31,11,1,1
2024-10-10 11:31:47,5.12,42.1,30.8,12,1,1
2024-10-10 11:31:50,5.12,42.3,30.8,12,1,1
2024-10-10 11:31:51,5.12,42.7,30.8,12,1,1
2024-10-10 11:31:53,5.12,43.3,30.7,12,1,1
2024-10-10 11:31:56,5.12,43.1,30.5,11,1,1
2024-10-10 11:31:57,5.12,42.8,30.5,11,1,1
2024-10-10 11:32:00,5.12,42.7,30.4,11,1,1
2024-10-10 11:32:02,5.12,43,30.2,11,1,1
2024-10-10 11:32:05,5.12,42.4,30,11,1,1
2024-10-10 11:32:08,5.12,43.1,29.7,11,0,1
2024-10-10 11:32:10,5.12,42.9,29.9,11,0,1
2024-10-10 11:32:11,5.12,43,29.9,11,0,1
2024-10-10 11:32:13,5.12,42.6,29.7,10,0,1
2024-10-10 11:32:15,5.12,42.9,29.6,10,0,1
2024-10-10 11:32:16,5.12,43.3,29.6,10,0,1
2024-10-10 11:32:19,5.12,43,29.6,10,0,1
2024-10-10 11:32:22,5.12,43.2,29.3,10,0,1
2024-10-10 11:32:23,5.12,42.7,29.3,10,0,1
2024-10-10 11:32:25,5.12,43.2,29.4,10,0,1
2024-10-10 11:32:28,5.12,42.8,29.3,11,0,1
2024-10-10 11:32:30,5.12,42.1,29.1,11,0,1
2024-10-10 11:32:31,5.12,42.7,29.1,11,0,1
2024-10-10 11:32:32,5.12,42.3,29,11,0,1
2024-10-10 11:32:35,5.12,42.1,28.9,11,0,1
2024-10-10 11:32:37,5.12,42.6,29,12,0,1
2024-10-10 11:32:38,5.12,42.4,29,12,0,1
2024-10-10 11:32:41,5.12,42.1,28.9,12,0,1
2024-10-10 11:32:44,5.12,42.4,28.7,11,0,1
2024-10-10 11:32:46,5.12,42.4,28.5,12,0,1
2024-10-10 11:32:49,5.12,42,28.6,12,0,1
2024-10-10 11:32:50,5.12,42.1,28.6,12,0,1
2024-10-10 11:32:53,5.12,41.9,28.5,12,0,1
2024-10-10 11:32:55,5.12,41.6,28.4,11,0,1
2024-10-10 11:32:56,5.12,41.6,28.4,11,0,1
2024-10-10 11:32:58,5.12,42.1,28.3,11,0,1
2024-10-10 11:33:00,5.12,41.6,28.3,11,0,1
2024-10-10 11:33:02,5.12,41.6,28.2,11,0,1
2024-10-10 11:33:05,5.12,41.8,28.1,11,0,1
2024-10-10 11:33:06,5.12,41.5,28.1,11,0,1
2024-10-10 11:33:09,5.12,42.2,28,11,0,1
2024-10-10 11:33:11,5.12,41.4,27.9,11,0,1
2024-10-10 11:33:14,5.12,41.4,27.9,11,0,1
2024-10-10 11:33:15,5.12,41.6,27.9,11,0,1
2024-10-10 11:33:18,5.12,41.2,28.1,11,0,1
2024-10-10 11:33:19,5.12,41.5,28.1,11,0,1
2024-10-10 11:33:22,5.12,41.3,27.8,11,0,1
2024-10-10 11:33:24,5.12,41.2,27.8,11,0,1
2024-10-10 11:33:25,5.12,41.6,27.8,11,0,1
2024-10-10 11:33:27,5.12,41.6,27.6,12,0,1
2024-10-10 11:33:30,5.12,41,27.6,12,0,1
2024-10-10 11:33:32,5.12,41.1,27.5,12,0,1
2024-10-10 11:33:35,5.12,41.2,27.4,11,0,1
2024-10-10 11:33:38,5.12,41.4,27.5,11,0,1
2024-10-10 11:33:39,5.12,41.4,27.5,11,0,1
2024-10-10 11:33:41,5.12,40.6,27,11,0,1
2024-10-10 11:33:44,5.12,40.9,27.2,11,0,1
2024-10-10 11:33:47,5.12,40.7,27.3,11,0,1
2024-10-10 11:33:48,5.12,40.6,27.3,11,0,1
2024-10-10 11:33:50,5.12,40.7,27.2,11,0,1
2024-10-10 11:33:53,5.12,40.4,27.3,11,0,1
2024-10-10 11:33:54,5.12,40.7,27.3,11,0,1
2024-10-10 11:33:57,5.12,40.4,27.1,11,0,1
2024-10-10 11:33:58,5.12,40.2,27.1,11,0,1
2024-10-10 11:34:00,5.12,40.5,27,14,0,1
2024-10-10 11:34:03,5.12,40.5,27,15,0,1
2024-10-10 11:34:04,5.12,40.5,27,15,0,1
2024-10-10 11:34:07,5.12,40.6,26.7,14,0,1
2024-10-10 11:34:09,5.12,38,26.9,12,0,1
2024-10-10 11:34:11,5.12,36.4,26.9,12,0,1
2024-10-10 11:34:13,5.12,35.7,26.9,15,0,1
2024-10-10 11:34:14,5.12,36,26.9,15,0,1
2024-10-10 11:34:15,5.11,36.1,26.9,59,0,1
2024-10-10 11:34:17,5.11,35.8,26.9,59,0,1
2024-10-10 11:34:19,5.12,35.4,26.9,66,0,1
2024-10-10 11:34:20,5.12,35.6,26.9,66,0,1
2024-10-10 11:34:23,5.12,35.5,27,71,0,1
2024-10-10 11:34:25,5.12,35,27,73,0,1
2024-10-10 11:34:28,5.12,34.8,27,74,0,1
2024-10-10 11:34:29,5.12,60.1,27,74,0,1
2024-10-10 11:34:32,5.12,34.7,27,75,0,1
2024-10-10 11:34:35,5.12,34.9,27,75,0,1
2024-10-10 11:34:36,5.12,34.6,27,75,0,1
2024-10-10 11:34:38,5.12,34.8,27,76,0,1
2024-10-10 11:34:39,5.12,34.4,27,76,0,1
2024-10-10 11:34:42,5.12,34.5,27.1,76,0,1
2024-10-10 11:34:45,5.12,34.3,27.1,76,0,1
2024-10-10 11:34:47,5.12,34.6,27.2,76,0,1
2024-10-10 11:34:48,5.12,34.3,27.2,76,0,1
2024-10-10 11:34:51,5.12,34.2,27.2,76,0,1
2024-10-10 11:34:54,5.12,34.2,27.1,75,0,1
2024-10-10 11:34:55,5.12,34.3,27.1,75,0,1
2024-10-10 11:34:57,5.12,34.6,27.1,74,0,1
2024-10-10 11:35:00,5.12,34.3,27.1,73,0,1
2024-10-10 11:35:02,5.12,36.2,27.1,72,0,1
2024-10-10 11:35:03,5.12,32.5,27.1,72,0,1
2024-10-10 11:35:05,5.12,30.9,27.3,70,0,1
2024-10-10 11:35:07,5.12,30.9,27.2,68,0,1
2024-10-10 11:35:08,5.12,30.9,27.2,68,0,1
2024-10-10 11:35:11,5.12,30.2,27.3,65,0,1
2024-10-10 11:35:14,5.12,30.5,27.3,60,0,1
2024-10-10 11:35:16,5.12,30.9,27.3,61,0,1
2024-10-10 11:35:17,5.12,30.6,27.3,61,0,1
2024-10-10 11:35:20,5.12,30.3,27.1,58,0,1
2024-10-10 11:35:22,5.12,30.3,27.3,52,0,1
2024-10-10 11:35:25,5.12,30.4,27.3,47,0,1
2024-10-10 11:35:27,5.12,30.2,27.1,42,0,1
2024-10-10 11:35:29,5.12,30.3,27.1,42,0,1
2024-10-10 11:35:31,5.12,29.9,27.3,37,0,0
2024-10-10 11:35:33,5.12,30,27.1,31,0,1
2024-10-10 11:35:36,5.12,30.1,27.1,28,0,1
2024-10-10 11:35:37,5.12,29.9,27.1,28,0,0
2024-10-10 11:35:40,5.12,29.9,27.1,26,0,0
2024-10-10 11:35:41,5.12,30,27.1,26,0,1
2024-10-10 11:35:44,5.12,29.9,27.1,22,0,0
2024-10-10 11:35:46,5.12,30,27,21,0,1
2024-10-10 11:35:49,5.12,30.1,26.9,20,0,1
2024-10-10 11:35:50,5.12,29.6,26.9,20,0,0
2024-10-10 11:35:52,5.12,30.1,26.9,19,0,1
2024-10-10 11:35:55,5.12,30.2,27,18,0,1
2024-10-10 11:35:57,5.12,29.9,26.9,17,0,0
2024-10-10 11:36:00,5.12,29.8,26.9,17,0,0
2024-10-10 11:36:01,5.12,30.2,26.9,17,0,1
2024-10-10 11:36:03,5.12,29.9,27.1,16,0,0
2024-10-10 11:36:06,5.12,29.9,26.8,16,0,0
2024-10-10 11:36:07,5.12,29.7,26.8,16,0,0
2024-10-10 11:36:10,5.12,30.3,26.9,15,0,1
2024-10-10 11:36:12,5.12,30.1,26.8,15,0,1
2024-10-10 11:36:15,5.12,29.8,26.5,15,0,0
2024-10-10 11:36:18,5.12,29.8,26.9,14,0,0
2024-10-10 11:36:19,5.12,29.7,26.9,14,0,0
2024-10-10 11:36:21,5.12,30.1,26.6,13,0,1
2024-10-10 11:36:24,5.12,29.8,26.6,13,0,0
2024-10-10 11:36:25,5.12,29.8,26.6,13,0,0
2024-10-10 11:36:28,5.12,29.9,26.8,13,0,0
2024-10-10 11:36:30,5.12,30,26.5,13,0,1
2024-10-10 11:36:31,5.12,30.1,26.5,13,0,1
2024-10-10 11:36:34,5.12,29.6,26.7,13,0,0
2024-10-10 11:36:37,5.12,30.2,26.5,12,0,1
2024-10-10 11:36:39,5.12,29.4,26.3,12,0,0
2024-10-10 11:36:40,5.12,29.9,26.3,12,0,0
2024-10-10 11:36:42,5.12,29.8,26.4,12,0,0
2024-10-10 11:36:43,5.12,30,26.4,12,0,1
2024-10-10 11:36:44,5.12,29.8,26.4,12,0,0
2024-10-10 11:36:47,5.12,29.8,26.3,12,0,0
2024-10-10 11:36:49,5.12,29.6,26.4,12,0,0
2024-10-10 11:36:51,5.12,29.9,26.4,12,0,0
2024-10-10 11:36:52,5.12,29.8,26.3,11,0,0
2024-10-10 11:36:54,5.12,29.5,26.2,11,0,0
2024-10-10 11:36:57,5.12,29.9,26.2,11,0,0
2024-10-10 11:36:58,5.12,29.7,26.2,11,0,0
2024-10-10 11:37:01,5.12,29.7,26.2,11,0,0
2024-10-10 11:37:02,5.12,29.6,26.2,11,0,0
2024-10-10 11:37:04,5.12,29.9,26.2,11,0,0
2024-10-10 11:37:07,5.12,29.6,26.1,11,0,0
2024-10-10 11:37:10,5.12,29.6,26.2,11,0,0
2024-10-10 11:37:11,5.12,29.4,26.2,11,0,0
2024-10-10 11:37:12,5.12,30.1,26.3,11,0,1
2024-10-10 11:37:15,5.12,29.9,26,11,0,0
2024-10-10 11:37:16,5.12,29.5,26,11,0,0
2024-10-10 11:37:18,5.12,29.5,26,11,0,0
2024-10-10 11:37:19,5.12,29.6,26,11,0,0
2024-10-10 11:37:22,5.12,29.6,26,11,0,0
2024-10-10 11:37:25,5.12,29.4,25.9,11,0,0
2024-10-10 11:37:27,5.12,29.3,26,11,0,0
2024-10-10 11:37:28,5.12,29.5,26,11,0,0
2024-10-10 11:37:31,5.12,30,26.1,11,0,1
2024-10-10 11:37:32,5.12,29.6,26.1,11,0,0
2024-10-10 11:37:35,5.12,29.9,25.9,11,0,0
2024-10-10 11:37:37,5.12,29.7,25.8,11,0,0
2024-10-10 11:37:38,5.12,29.7,25.8,11,0,0
2024-10-10 11:37:41,5.12,29.8,25.9,11,0,0
2024-10-10 11:37:42,5.12,29.6,25.9,11,0,0
2024-10-10 11:37:43,5.12,29.5,25.9,11,0,0
2024-10-10 11:37:45,5.12,29.7,25.8,11,0,0
2024-10-10 11:37:48,5.12,30,25.8,11,0,1
2024-10-10 11:37:49,5.12,29.3,25.8,11,0,0
2024-10-10 11:37:52,5.12,29.7,25.8,11,0,0
2024-10-10 11:37:54,5.12,29.9,25.8,11,0,0
2024-10-10 11:37:57,5.12,29.6,25.8,11,0,0
2024-10-10 11:37:59,5.12,30,25.8,11,0,1
2024-10-10 11:38:02,5.12,29.9,25.7,11,0,0
2024-10-10 11:38:03,5.12,29.7,25.7,11,0,0
2024-10-10 11:38:05,5.12,29.6,25.8,11,0,0
2024-10-10 11:38:08,5.12,29.4,25.7,11,0,0
2024-10-10 11:38:09,5.12,29.9,25.7,11,0,0
2024-10-10 11:38:12,5.12,29.5,25.6,11,0,0
2024-10-10 11:38:13,5.12,29.5,25.6,11,0,0
2024-10-10 11:38:15,5.12,29.9,25.7,11,0,0
2024-10-10 11:38:18,5.12,29.5,25.6,10,0,0
2024-10-10 11:38:20,5.12,29.6,25.6,11,0,0
2024-10-10 11:38:23,5.12,29.5,25.8,11,0,0
2024-10-10 11:38:26,5.12,29.3,25.6,11,0,0
2024-10-10 11:38:28,5.12,29.4,25.6,11,0,0
2024-10-10 11:38:29,5.12,29.5,25.6,11,0,0
2024-10-10 11:38:32,5.12,29.2,26,11,0,0
2024-10-10 11:38:35,5.12,29.3,25.7,11,0,0
2024-10-10 11:38:37,5.12,29.7,25.6,11,0,0
2024-10-10 11:38:38,5.12,29.7,25.6,11,0,0
2024-10-10 11:38:41,5.12,29.5,25.8,11,0,0
2024-10-10 11:38:44,5.12,29.7,25.5,11,0,0
2024-10-10 11:38:46,5.12,29.7,25.5,11,0,0
2024-10-10 11:38:47,5.12,30,25.5,11,0,1
2024-10-10 11:38:49,5.12,29.8,25.4,11,0,0
2024-10-10 11:38:51,5.12,30,25.5,11,0,1
2024-10-10 11:38:53,5.12,29.8,25.6,11,0,0
2024-10-10 11:38:55,5.12,29.7,25.6,11,0,0
2024-10-10 11:38:57,5.12,32.2,25.5,11,0,1
2024-10-10 11:38:58,5.12,35.7,25.5,11,0,1
2024-10-10 11:38:59,5.12,33.7,25.6,12,0,1
2024-10-10 11:39:02,5.12,32,25.6,12,0,1
2024-10-10 11:39:03,5.12,32,25.6,12,0,1
2024-10-10 11:39:06,5.12,31.1,25.9,11,0,1
2024-10-10 11:39:08,5.12,31.5,26.2,11,0,1
2024-10-10 11:39:11,5.12,30.8,26.5,11,0,1
2024-10-10 11:39:13,5.12,30.8,26.8,12,0,1
2024-10-10 11:39:16,5.12,30.7,26.9,12,0,1
2024-10-10 11:39:17,5.12,30.6,26.9,12,0,1
2024-10-10 11:39:20,5.12,30,27.1,12,0,1
2024-10-10 11:39:21,5.12,29.9,27.1,12,0,0
2024-10-10 11:39:23,5.12,29.6,27.5,11,0,0
2024-10-10 11:39:24,5.11,47.6,27.5,11,0,1
2024-10-10 11:39:26,5.12,30,27.8,11,0,1
2024-10-10 11:39:27,5.12,29.6,27.8,11,0,0
2024-10-10 11:39:29,5.12,29.8,28,11,0,0
2024-10-10 11:39:31,5.11,48,28,11,0,1
2024-10-10 11:39:33,5.12,29.7,28.2,11,0,0
2024-10-10 11:39:36,5.12,29.8,28.4,11,0,0
2024-10-10 11:39:37,5.12,29.4,28.4,11,0,0
2024-10-10 11:39:39,5.11,48,28.5,11,0,1
2024-10-10 11:39:42,5.12,29.7,28.8,11,0,0
2024-10-10 11:39:43,5.12,29.4,28.8,11,0,0
2024-10-10 11:39:46,5.12,29.6,28.9,11,0,0
2024-10-10 11:39:47,5.12,29.5,28.9,11,0,0
2024-10-10 11:39:50,5.12,29.1,29.1,11,0,0
2024-10-10 11:39:52,5.12,33.7,29.1,11,0,1
2024-10-10 11:39:54,5.12,32.2,29.3,11,0,1
2024-10-10 11:39:57,5.12,32.3,29.4,11,0,1
2024-10-10 11:40:00,5.12,31.4,29.4,11,0,1
2024-10-10 11:40:02,5.12,32.7,29.6,11,0,1
2024-10-10 11:40:04,5.12,32.4,29.6,11,0,1
2024-10-10 11:40:06,5.12,23.3,29.7,11,0,0
2024-10-10 11:40:09,5.12,32.1,29.8,11,0,1
2024-10-10 11:40:11,5.12,29.3,29.7,11,0,0
2024-10-10 11:40:13,5.12,28.1,29.7,11,0,0
2024-10-10 11:40:14,5.12,27.9,30,11,1,0
2024-10-10 11:40:15,5.12,27.4,30,11,1,0
2024-10-10 11:40:18,5.12,27.7,30.1,11,1,0
2024-10-10 11:40:19,5.12,28.5,30.1,11,1,0
2024-10-10 11:40:21,5.12,30,30.3,11,1,1
2024-10-10 11:40:24,5.12,33.4,30.3,11,1,1
2024-10-10 11:40:27,5.12,30.9,30.3,11,1,1
2024-10-10 11:40:29,5.12,29.9,30.3,11,1,0
2024-10-10 11:40:32,5.12,29.7,30.4,11,1,0
2024-10-10 11:40:34,5.12,28.9,30.5,11,1,0
2024-10-10 11:40:36,5.12,29,30.6,10,1,0
2024-10-10 11:40:39,5.12,28.9,30.2,10,1,0
2024-10-10 11:40:42,5.12,28.8,30.4,10,1,0
2024-10-10 11:40:43,5.12,28.8,30.4,10,1,0
2024-10-10 11:40:45,5.12,28.8,30.3,10,1,0
2024-10-10 11:40:47,5.12,28.7,30.3,10,1,0
2024-10-10 11:40:49,5.12,29,30.2,10,1,0
2024-10-10 11:40:50,5.12,28.6,30.2,10,1,0
2024-10-10 11:40:53,5.12,28.6,30.1,10,1,0
2024-10-10 11:40:55,5.12,28.6,29.9,10,0,0
2024-10-10 11:40:57,5.12,28.7,29.7,10,0,0
2024-10-10 11:41:00,5.12,28.4,29.8,10,0,0
2024-10-10 11:41:02,5.12,28.5,29.7,10,0,0
2024-10-10 11:41:05,5.12,28.4,29.5,10,0,0
2024-10-10 11:41:06,5.12,28.4,29.5,10,0,0
2024-10-10 11:41:09,5.12,28.1,29.5,10,0,0
2024-10-10 11:41:11,5.12,28.6,29.4,10,0,0
2024-10-10 11:41:13,5.12,28.6,29.4,10,0,0
2024-10-10 11:41:16,5.12,28.3,29.4,10,0,0
2024-10-10 11:41:18,5.12,28.5,29.3,10,0,0
2024-10-10 11:41:21,5.12,28.4,29.2,10,0,0
2024-10-10 11:41:24,5.12,28.5,29.1,10,0,0
2024-10-10 11:41:26,5.12,28.4,29.1,10,0,0
2024-10-10 11:41:29,5.12,28.4,29,10,0,0
2024-10-10 11:41:30,5.12,28.3,29,10,0,0
2024-10-10 11:41:33,5.12,28.4,29,9,0,0
2024-10-10 11:41:35,5.12,28.1,28.9,10,0,0
2024-10-10 11:41:38,5.12,28.3,28.8,10,0,0
2024-10-10 11:41:41,5.12,28.5,28.6,9,0,0
2024-10-10 11:41:42,5.12,28,28.6,9,0,0
2024-10-10 11:41:43,5.12,28.1,28.7,9,0,0
2024-10-10 11:41:46,5.12,27.9,28.6,9,0,0
2024-10-10 11:41:48,5.12,28,28.4,9,0,0
2024-10-10 11:41:51,5.12,27.9,28.4,9,0,0
2024-10-10 11:41:54,5.12,27.7,28.3,10,0,0
2024-10-10 11:41:55,5.12,28.2,28.3,10,0,0
2024-10-10 11:41:57,5.12,28,28.2,10,0,0
2024-10-10 11:41:58,5.12,28,28.2,10,0,0
2024-10-10 11:42:00,5.12,28.3,28.2,10,0,0
2024-10-10 11:42:02,5.12,28.2,28.1,10,0,0
2024-10-10 11:42:03,5.12,28.2,28.1,10,0,0
2024-10-10 11:42:05,5.12,28,28,10,0,0
2024-10-10 11:42:06,5.12,27.9,28,10,0,0
2024-10-10 11:42:08,5.12,28,28,10,0,0
2024-10-10 11:42:10,5.12,27.6,28,10,0,0
2024-10-10 11:42:12,5.12,27.8,27.9,9,0,0
2024-10-10 11:42:14,5.12,28,27.9,10,0,0
2024-10-10 11:42:17,5.12,28,27.8,10,0,0
2024-10-10 11:42:20,5.12,28,27.8,9,0,0
2024-10-10 11:42:22,5.12,28,27.8,9,0,0
2024-10-10 11:42:25,5.12,27.9,27.8,9,0,0
2024-10-10 11:42:26,5.12,28.1,27.8,9,0,0
2024-10-10 11:42:29,5.12,28.1,27.5,9,0,0
2024-10-10 11:42:32,5.12,27.9,27.5,9,0,0
2024-10-10 11:42:33,5.12,27.6,27.5,9,0,0
2024-10-10 11:42:35,5.12,27.7,27.5,9,0,0
2024-10-10 11:42:38,5.12,27.6,27.4,9,0,0
2024-10-10 11:42:39,5.12,27.6,27.4,9,0,0
2024-10-10 11:42:40,5.12,27.7,27.4,9,0,0
2024-10-10 11:42:43,5.12,27.9,27.3,9,0,0
2024-10-10 11:42:45,5.12,27.8,27.3,9,0,0
2024-10-10 11:42:48,5.12,28,27.3,9,0,0
2024-10-10 11:42:50,5.12,28.2,27.3,9,0,0
2024-10-10 11:42:51,5.12,28.2,27.3,9,0,0
2024-10-10 11:42:53,5.12,28,27.2,9,0,0
2024-10-10 11:42:55,5.12,28,27.1,9,0,0
2024-10-10 11:42:56,5.12,28,27.1,9,0,0
2024-10-10 11:42:59,5.12,27.9,27.1,9,0,0
2024-10-10 11:43:02,5.12,28.2,27.1,9,0,0
2024-10-10 11:43:04,5.12,27.8,27.1,9,0,0
2024-10-10 11:43:07,5.12,27.8,27,9,0,0
2024-10-10 11:43:09,5.12,27.8,26.9,10,0,0
2024-10-10 11:43:12,5.12,27.9,26.9,10,0,0
2024-10-10 11:43:13,5.12,27.5,26.9,10,0,0
2024-10-10 11:43:16,5.12,28,27,10,0,0
2024-10-10 11:43:18,5.12,27.6,26.8,10,0,0
2024-10-10 11:43:19,5.12,27.8,26.8,10,0,0
2024-10-10 11:43:22,5.12,27.9,26.8,10,0,0
2024-10-10 11:43:24,5.12,28.1,26.7,10,0,0
2024-10-10 11:43:27,5.12,27.7,26.6,10,0,0
2024-10-10 11:43:29,5.12,28,26.6,10,0,0
2024-10-10 11:43:31,5.12,27.8,26.6,10,0,0
2024-10-10 11:43:33,5.12,27.8,26.6,9,0,0
2024-10-10 11:43:36,5.12,27.6,26.6,10,0,0
2024-10-10 11:43:38,5.12,27.5,26.5,10,0,0
2024-10-10 11:43:41,5.12,27.8,26.5,10,0,0
2024-10-10 11:43:42,5.12,27.8,26.5,10,0,0
2024-10-10 11:43:45,5.12,28,26.5,10,0,0
2024-10-10 11:43:47,5.12,27.9,26.4,10,0,0
2024-10-10 11:43:49,5.12,27.4,26.4,10,0,0
2024-10-10 11:43:51,5.12,28,26.5,10,0,0
2024-10-10 11:43:54,5.12,27.4,26.5,10,0,0
2024-10-10 11:43:55,5.12,27.6,26.5,10,0,0
2024-10-10 11:43:57,5.12,27.9,26.5,10,0,0
2024-10-10 11:44:00,5.12,27.8,26.3,10,0,0
2024-10-10 11:44:02,5.12,27.5,26.3,10,0,0
2024-10-10 11:44:04,5.12,27.8,26.3,10,0,0
2024-10-10 11:44:06,5.12,27.9,26.2,10,0,0
2024-10-10 11:44:07,5.12,28,26.2,10,0,0
2024-10-10 11:44:10,5.12,27.7,26.2,10,0,0
2024-10-10 11:44:12,5.12,27.9,26.2,10,0,0
2024-10-10 11:44:15,5.12,27.8,26.2,10,0,0
2024-10-10 11:44:16,5.12,27.3,26.2,10,0,0
2024-10-10 11:44:17,5.12,28,26.2,10,0,0
2024-10-10 11:44:18,5.12,27.8,26.2,10,0,0
2024-10-10 11:44:21,5.12,27.6,26.2,10,0,0
2024-10-10 11:44:24,5.12,27.5,26.1,10,0,0
2024-10-10 11:44:26,5.12,27.7,26,10,0,0
2024-10-10 11:44:27,5.12,27.8,26,10,0,0
2024-10-10 11:44:30,5.12,27.7,26.1,10,0,0
2024-10-10 11:44:32,5.12,27.6,26,10,0,0
2024-10-10 11:44:34,5.12,27.6,26,10,0,0
2024-10-10 11:44:37,5.12,27.5,26,10,0,0
2024-10-10 11:44:39,5.12,27.9,26,10,0,0
2024-10-10 11:44:42,5.12,27.8,26,10,0,0
2024-10-10 11:44:43,5.12,27.5,26,10,0,0
2024-10-10 11:44:46,5.12,27.9,26,10,0,0
2024-10-10 11:44:48,5.12,27.9,26,10,0,0
2024-10-10 11:44:49,5.12,27.6,26,10,0,0
2024-10-10 11:44:51,5.12,27.5,26.2,10,0,0
2024-10-10 11:44:52,5.11,43.6,26.2,10,0,1
2024-10-10 11:44:54,5.12,27.9,25.9,10,0,0
2024-10-10 11:44:57,5.12,27.5,25.9,10,0,0
2024-10-10 11:44:58,5.12,27.5,25.9,10,0,0
2024-10-10 11:45:01,5.12,27.6,25.9,10,0,0
2024-10-10 11:45:02,5.12,27.5,25.9,10,0,0
2024-10-10 11:45:05,5.12,27.4,25.9,10,0,0
2024-10-10 11:45:07,5.12,27.9,25.9,10,0,0
2024-10-10 11:45:08,5.12,27.5,25.9,10,0,0
2024-10-10 11:45:11,5.12,27.6,25.9,10,0,0
2024-10-10 11:45:14,5.12,27.6,25.8,10,0,0
2024-10-10 11:45:15,5.12,27.8,25.8,10,0,0
2024-10-10 11:45:17,5.12,28,25.8,10,0,0
2024-10-10 11:45:19,5.12,27.6,25.9,10,0,0
2024-10-10 11:45:21,5.12,27.8,25.9,10,0,0
2024-10-10 11:45:23,5.12,27.6,25.8,10,0,0
2024-10-10 11:45:24,5.12,27.5,25.8,10,0,0
2024-10-10 11:45:27,5.12,27.5,25.8,9,0,0
2024-10-10 11:45:29,5.12,27.7,25.8,10,0,0
2024-10-10 11:45:32,5.12,27.5,25.8,10,0,0
2024-10-10 11:45:33,5.12,27.5,25.8,10,0,0
2024-10-10 11:45:36,5.12,27.3,25.8,10,0,0
2024-10-10 11:45:38,5.12,27.5,25.6,10,0,0
2024-10-10 11:45:41,5.12,27.5,25.6,10,0,0
2024-10-10 11:45:44,5.12,27.5,25.6,10,0,0
2024-10-10 11:45:45,5.12,27.4,25.6,10,0,0
2024-10-10 11:45:47,5.12,27.6,25.8,10,0,0
2024-10-10 11:45:50,5.12,27.6,25.6,10,0,0
2024-10-10 11:45:52,5.12,27.6,25.6,10,0,0
2024-10-10 11:45:53,5.12,27.7,25.6,10,0,0
2024-10-10 11:45:55,5.12,27.6,25.6,10,0,0
2024-10-10 11:45:57,5.12,27.4,25.7,10,0,0
2024-10-10 11:46:00,5.12,27.8,25.7,10,0,0
2024-10-10 11:46:02,5.12,27.6,25.6,10,0,0
2024-10-10 11:46:03,5.12,27.4,25.6,10,0,0
2024-10-10 11:46:06,5.12,27.6,25.6,10,0,0
2024-10-10 11:46:08,5.12,27.7,25.6,10,0,0
2024-10-10 11:46:11,5.12,27.3,25.8,10,0,0
2024-10-10 11:46:12,5.12,27.4,25.8,10,0,0
2024-10-10 11:46:15,5.12,27.4,25.4,10,0,0
2024-10-10 11:46:17,5.12,27.6,25.5,9,0,0
2024-10-10 11:46:20,5.12,27.7,25.6,10,0,0
2024-10-10 11:46:23,5.12,27.3,25.6,10,0,0
2024-10-10 11:46:25,5.12,27.6,25.6,9,0,0
2024-10-10 11:46:27,5.12,27.9,25.6,9,0,0
2024-10-10 11:46:29,5.12,27.9,25.5,9,0,0
2024-10-10 11:46:32,5.12,27.7,25.5,9,0,0
2024-10-10 11:46:34,5.12,27.5,25.6,10,0,0
2024-10-10 11:46:37,5.12,27.2,26,10,0,0
2024-10-10 11:46:38,5.12,27.6,26,10,0,0
2024-10-10 11:46:41,5.12,27.3,25.6,10,0,0
2024-10-10 11:46:43,5.12,27.3,25.5,10,0,0
2024-10-10 11:46:46,5.12,27.8,25.5,9,0,0
2024-10-10 11:46:48,5.12,27.6,25.5,10,0,0
2024-10-10 11:46:50,5.12,27.5,25.5,10,0,0
2024-10-10 11:46:52,5.12,27.6,25.5,10,0,0
2024-10-10 11:46:55,5.12,27.3,25.4,10,0,0
2024-10-10 11:46:58,5.12,27.8,25.5,10,0,0
2024-10-10 11:46:59,5.12,27.5,25.5,10,0,0
2024-10-10 11:47:00,5.12,27.7,25.4,10,0,0
2024-10-10 11:47:01,5.11,43.7,25.4,10,0,1
2024-10-10 11:47:04,5.12,27.4,25.4,9,0,0
2024-10-10 11:47:05,5.12,27.5,25.4,9,0,0
2024-10-10 11:47:06,5.12,27.3,25.4,10,0,0
2024-10-10 11:47:07,5.12,27.5,25.4,10,0,0
2024-10-10 11:47:11,5.12,27.4,25.4,9,0,0
2024-10-10 11:47:13,5.12,27.8,25.4,10,0,0
2024-10-10 11:47:15,5.12,27.4,25.5,10,0,0
2024-10-10 11:47:17,5.12,27.4,25.5,10,0,0
2024-10-10 11:47:19,5.12,27.6,25.4,10,0,0
2024-10-10 11:47:21,5.12,27.2,24,10,0,0
2024-10-10 11:47:23,5.12,27.8,24,10,0,0
2024-10-10 11:47:25,5.12,27.7,25.4,10,0,0
2024-10-10 11:47:27,5.12,27.6,25.4,10,0,0
2024-10-10 11:47:29,5.12,27.6,25.3,10,0,0
2024-10-10 11:47:32,5.12,27.5,25.3,9,0,0
2024-10-10 11:47:35,5.12,27.5,25.3,10,0,0
2024-10-10 11:47:37,5.12,27.9,25.6,10,0,0
2024-10-10 11:47:39,5.12,27.6,25.6,10,0,0
2024-10-10 11:47:41,5.12,27.6,25.4,10,0,0
2024-10-10 11:47:42,5.12,27.5,25.4,10,0,0
2024-10-10 11:47:45,5.12,27.3,25.4,10,0,0
2024-10-10 11:47:46,5.12,27.4,25.4,10,0,0
2024-10-10 11:47:48,5.12,27.9,25.3,10,0,0
2024-10-10 11:47:50,5.12,27.1,25.3,10,0,0
2024-10-10 11:47:52,5.12,27.4,25.3,9,0,0
2024-10-10 11:47:53,5.12,27.3,25.3,9,0,0
2024-10-10 11:47:54,5.12,27.5,25.3,10,0,0
2024-10-10 11:47:57,5.12,27.6,25.3,10,0,0
2024-10-10 11:47:59,5.12,27.6,25.4,10,0,0
2024-10-10 11:48:00,5.12,27.5,25.4,10,0,0
2024-10-10 11:48:02,5.12,27.4,25.3,10,0,0
2024-10-10 11:48:04,5.12,27.4,25.3,10,0,0
2024-10-10 11:48:07,5.12,27.3,25.4,10,0,0
2024-10-10 11:48:08,5.12,27.5,25.4,10,0,0
2024-10-10 11:48:11,5.12,27.3,25.3,10,0,0
2024-10-10 11:48:12,5.12,27.5,25.3,10,0,0
2024-10-10 11:48:13,5.12,27.5,25.3,10,0,0
2024-10-10 11:48:15,5.12,27.4,25.3,10,0,0
2024-10-10 11:48:18,5.12,27.7,25.3,10,0,0
2024-10-10 11:48:19,5.12,27.6,25.3,10,0,0
2024-10-10 11:48:22,5.12,27.9,25.3,10,0,0
2024-10-10 11:48:24,5.12,27.5,25.2,10,0,0
2024-10-10 11:48:27,5.12,27.5,25.4,10,0,0
2024-10-10 11:48:30,5.12,27.4,25.3,10,0,0
2024-10-10 11:48:31,5.12,27.6,25.3,10,0,0
2024-10-10 11:48:33,5.12,27.6,25.3,10,0,0
2024-10-10 11:48:36,5.12,27.6,25.3,10,0,0
2024-10-10 11:48:38,5.12,27.2,25.2,10,0,0
2024-10-10 11:48:40,5.12,27.4,25.2,10,0,0
2024-10-10 11:48:42,5.12,27.3,25.3,10,0,0
2024-10-10 11:48:45,5.12,27.7,25.1,10,0,0
2024-10-10 11:48:47,5.12,27.5,25.1,10,0,0
2024-10-10 11:48:49,5.12,27.8,25.1,10,0,0
2024-10-10 11:48:51,5.12,27.6,25.2,10,0,0
2024-10-10 11:48:52,5.12,27.3,25.2,10,0,0
2024-10-10 11:48:53,5.12,27.6,25.3,10,0,0
2024-10-10 11:48:56,5.12,27.8,25.3,10,0,0
2024-10-10 11:48:57,5.12,27.6,25.3,10,0,0
2024-10-10 11:49:00,5.12,27.4,25.3,10,0,0
2024-10-10 11:49:02,5.12,27.3,25.2,10,0,0
2024-10-10 11:49:05,5.12,27.5,25.2,10,0,0
2024-10-10 11:49:06,5.12,27.6,25.2,10,0,0
2024-10-10 11:49:08,5.12,27.5,25.3,10,0,0
2024-10-10 11:49:11,5.12,27.4,25.2,10,0,0
2024-10-10 11:49:13,5.12,27.3,25.1,10,0,0
2024-10-10 11:49:15,5.12,27.9,25.1,10,0,0
2024-10-10 11:49:17,5.12,27.5,25.1,9,0,0
2024-10-10 11:49:20,5.12,27.5,25.1,9,0,0
2024-10-10 11:49:22,5.12,27.6,25.1,9,0,0
2024-10-10 11:49:25,5.12,27.6,25.3,10,0,0
2024-10-10 11:49:27,5.12,27.6,25.3,9,0,0
2024-10-10 11:49:30,5.12,27.6,25.3,10,0,0
2024-10-10 11:49:31,5.12,27.5,25.3,10,0,0
2024-10-10 11:49:34,5.12,27.7,25.4,10,0,0
2024-10-10 11:49:35,5.12,27.6,25.4,10,0,0
2024-10-10 11:49:37,5.12,27.5,25.1,9,0,0
2024-10-10 11:49:39,5.12,27.5,25.1,9,0,0
2024-10-10 11:49:41,5.12,27.5,25.1,9,0,0
2024-10-10 11:49:43,5.12,27.7,25.1,10,0,0
2024-10-10 11:49:44,5.12,27.5,25.1,10,0,0
2024-10-10 11:49:47,5.12,27.3,25.1,10,0,0
2024-10-10 11:49:50,5.12,27.5,25.1,10,0,0
2024-10-10 11:49:51,5.12,27.5,25.1,10,0,0
2024-10-10 11:49:53,5.12,27.2,24.9,10,0,0
2024-10-10 11:49:56,5.12,27.2,25.1,10,0,0
2024-10-10 11:49:57,5.12,27.2,25.1,10,0,0
2024-10-10 11:50:00,5.12,27.4,25.1,10,0,0
2024-10-10 11:50:02,5.12,27.1,25.1,10,0,0
2024-10-10 11:50:05,5.12,28.7,25.1,10,0,0
2024-10-10 11:50:07,5.12,26.9,25.3,10,0,0
2024-10-10 11:50:10,5.12,26.9,25.3,10,0,0
2024-10-10 11:50:11,5.12,26.9,25.3,10,0,0
2024-10-10 11:50:14,5.12,26.5,25.5,10,0,0
2024-10-10 11:50:16,5.12,26.9,25.9,11,0,0
2024-10-10 11:50:17,5.12,26.9,25.9,11,0,0
2024-10-10 11:50:20,5.12,26.2,26.3,11,0,0
2024-10-10 11:50:21,5.12,26.5,26.3,11,0,0
2024-10-10 11:50:23,5.12,25.6,26.8,11,0,0
2024-10-10 11:50:25,5.12,27.5,27.3,10,0,0
2024-10-10 11:50:28,5.12,27.1,27.6,10,0,0
2024-10-10 11:50:30,5.12,26.9,27.8,10,0,0
2024-10-10 11:50:32,5.12,26.4,27.8,10,0,0
2024-10-10 11:50:33,5.12,26.3,28,10,0,0
2024-10-10 11:50:35,5.12,26.2,28.6,10,0,0
2024-10-10 11:50:38,5.12,26.2,28.7,9,0,0
2024-10-10 11:50:39,5.12,25.6,28.7,9,0,0
2024-10-10 11:50:42,5.12,25.8,28.9,10,0,0
2024-10-10 11:50:43,5.12,26,28.9,10,0,0
2024-10-10 11:50:45,5.12,26.9,29.2,10,0,0
2024-10-10 11:50:47,5.12,26.5,29.2,10,0,0
2024-10-10 11:50:49,5.12,26.2,29.4,10,0,0
2024-10-10 11:50:50,5.12,28.1,29.4,10,0,0
2024-10-10 11:50:53,5.12,26.3,29.7,10,0,0
2024-10-10 11:50:54,5.12,25.8,29.7,10,0,0
2024-10-10 11:50:56,5.12,26.3,29.9,10,0,0
2024-10-10 11:50:58,5.12,26.1,29.9,10,0,0
2024-10-10 11:51:00,5.12,26.2,30.1,9,1,0
2024-10-10 11:51:01,5.12,26.6,30.1,9,1,0
2024-10-10 11:51:02,5.12,26.5,30.3,10,1,0
2024-10-10 11:51:05,5.12,25.9,30.4,9,1,0
2024-10-10 11:51:06,5.12,26,30.4,9,1,0
2024-10-10 11:51:09,5.12,25.3,30.5,9,1,0
2024-10-10 11:51:11,5.12,24.9,30.6,9,1,0
2024-10-10 11:51:13,5.12,24.8,30.6,9,1,0
2024-10-10 11:51:15,5.12,24.8,30.8,9,1,0
2024-10-10 11:51:17,5.12,24.6,30.9,9,1,0
2024-10-10 11:51:20,5.12,25.1,31,10,1,0
2024-10-10 11:51:23,5.12,25.7,31,9,1,0
2024-10-10 11:51:24,5.12,25.3,31,9,1,0
2024-10-10 11:51:26,5.12,24.4,31.3,9,1,0
2024-10-10 11:51:29,5.12,25.4,31,9,1,0
2024-10-10 11:51:30,5.12,25.1,31,9,1,0
2024-10-10 11:51:32,5.12,24.8,31,9,1,0
2024-10-10 11:51:35,5.12,24.7,31,10,1,0
2024-10-10 11:51:37,5.12,24.8,31.3,9,1,0
2024-10-10 11:51:40,5.12,24.9,31.4,9,1,0
2024-10-10 11:51:41,5.12,25.5,31.4,9,1,0
2024-10-10 11:51:44,5.12,25,31.3,9,1,0
2024-10-10 11:51:45,5.12,25.6,31.3,9,1,0
2024-10-10 11:51:47,5.12,24.7,31.3,9,1,0
2024-10-10 11:51:48,5.12,24.5,31.3,9,1,0
2024-10-10 11:51:51,5.12,24.6,31.4,9,1,0
2024-10-10 11:51:54,5.12,24.5,31.3,9,1,0
2024-10-10 11:51:56,5.12,24.8,31.4,9,1,0
2024-10-10 11:51:59,5.12,25.3,31.5,9,1,0
2024-10-10 11:52:00,5.12,24.9,31.5,9,1,0
2024-10-10 11:52:03,5.12,24.9,31.3,10,1,0
2024-10-10 11:52:05,5.12,24.8,31.4,9,1,0
2024-10-10 11:52:08,5.12,24.8,31.4,9,1,0
2024-10-10 11:52:09,5.12,25,31.4,9,1,0
2024-10-10 11:52:12,5.12,24.9,31.5,9,1,0
2024-10-10 11:52:13,5.12,25.2,31.5,9,1,0
2024-10-10 11:52:14,5.12,24.7,31.5,9,1,0
2024-10-10 11:52:16,5.12,24.9,31.5,9,1,0
2024-10-10 11:52:18,5.12,24.4,31.5,9,1,0
2024-10-10 11:52:19,5.12,24.8,31.5,9,1,0
2024-10-10 11:52:21,5.12,24.7,31.5,9,1,0
2024-10-10 11:52:24,5.12,24.8,31.5,9,1,0
2024-10-10 11:52:25,5.12,24.5,31.5,9,1,0
2024-10-10 11:52:28,5.12,24.8,31.7,9,1,0
2024-10-10 11:52:29,5.12,24.6,31.7,9,1,0
2024-10-10 11:52:30,5.12,24.7,31.5,9,1,0
2024-10-10 11:52:33,5.12,24.5,31.5,8,1,0
2024-10-10 11:52:34,5.12,26.2,31.5,8,1,0
2024-10-10 11:52:35,5.12,25.7,31.5,9,1,0
2024-10-10 11:52:38,5.12,25.4,31.5,8,1,0
2024-10-10 11:52:39,5.12,25.2,31.5,8,1,0
2024-10-10 11:52:41,5.12,25.7,31.5,8,1,0
2024-10-10 11:52:44,5.12,25.7,31.4,8,1,0
2024-10-10 11:52:45,5.12,25.4,31.4,8,1,0
2024-10-10 11:52:48,5.12,25.4,31.5,8,1,0
2024-10-10 11:52:50,5.12,25.2,31.5,9,1,0
2024-10-10 11:52:51,5.12,25.7,31.5,9,1,0
2024-10-10 11:52:54,5.12,25.3,31.5,9,1,0
2024-10-10 11:52:55,5.12,25.3,31.5,9,1,0
2024-10-10 11:52:58,5.12,25.3,31.5,9,1,0
2024-10-10 11:52:59,5.12,40,31.5,9,1,1
2024-10-10 11:53:01,5.12,24.8,31.5,9,1,0
2024-10-10 11:53:04,5.12,24.7,31.3,9,1,0
2024-10-10 11:53:06,5.12,24.8,31.5,9,1,0
2024-10-10 11:53:09,5.12,24.8,31.4,37,1,0
2024-10-10 11:53:11,5.12,24.5,31.5,40,1,0
2024-10-10 11:53:12,5.12,24.7,31.5,40,1,0
2024-10-10 11:53:15,5.12,24.8,31.5,39,1,0
2024-10-10 11:53:18,5.12,24.8,31.2,32,1,0
2024-10-10 11:53:20,5.12,24.4,31.1,26,1,0
2024-10-10 11:53:23,5.12,24.6,31.3,22,1,0
2024-10-10 11:53:24,5.12,24.5,31.3,22,1,0
2024-10-10 11:53:25,5.12,24.8,31,19,1,0
2024-10-10 11:53:28,5.12,24.5,30.8,17,1,0
2024-10-10 11:53:30,5.12,24.5,30.9,16,1,0
2024-10-10 11:53:33,5.12,24.7,30.8,16,1,0
2024-10-10 11:53:36,5.12,24.9,30.6,15,1,0
2024-10-10 11:53:38,5.12,24.4,30.5,14,1,0
2024-10-10 11:53:40,5.12,24.7,30.5,14,1,0
2024-10-10 11:53:41,5.12,24.4,30.5,15,1,0
2024-10-10 11:53:42,5.12,24.7,30.5,15,1,0
2024-10-10 11:53:45,5.12,24.7,30.3,14,1,0
2024-10-10 11:53:47,5.12,24.6,30.1,13,1,0
2024-10-10 11:53:49,5.12,24.8,30.2,12,1,0
2024-10-10 11:53:52,5.12,24.7,30,12,1,0
2024-10-10 11:53:53,5.12,24.8,30,12,1,0
2024-10-10 11:53:56,5.12,24.7,29.8,12,0,0
2024-10-10 11:53:59,5.12,24.5,29.7,12,0,0
2024-10-10 11:54:01,5.12,24.6,29.5,12,0,0
2024-10-10 11:54:03,5.12,24.4,29.6,47,0,0
2024-10-10 11:54:06,5.12,24.4,29.5,52,0,0
2024-10-10 11:54:09,5.12,24.6,29.5,52,0,0
2024-10-10 11:54:11,5.12,24.5,29.4,50,0,0
2024-10-10 11:54:13,5.12,24.8,29.4,50,0,0
2024-10-10 11:54:15,5.12,24.3,29.6,46,0,0
2024-10-10 11:54:16,5.12,24.6,29.6,46,0,0
2024-10-10 11:54:19,5.12,24.6,29.2,38,0,0
2024-10-10 11:54:20,5.12,24.8,29.2,38,0,0
2024-10-10 11:54:22,5.12,24.4,29.1,31,0,0
2024-10-10 11:54:24,5.12,24.4,29.1,31,0,0
2024-10-10 11:54:26,5.12,24.6,29,26,0,0
2024-10-10 11:54:28,5.12,24.7,29,22,0,0
2024-10-10 11:54:31,5.12,24.7,28.8,20,0,0
2024-10-10 11:54:34,5.12,24.8,28.8,19,0,0
2024-10-10 11:54:36,5.12,24.4,28.9,18,0,0
2024-10-10 11:54:39,5.12,24.8,28.8,16,0,0
2024-10-10 11:54:40,5.12,24.3,28.8,16,0,0
2024-10-10 11:54:43,5.12,24.8,28.6,15,0,0
2024-10-10 11:54:45,5.12,24.8,28.6,15,0,0
2024-10-10 11:54:47,5.12,24.3,28.6,15,0,0
2024-10-10 11:54:49,5.12,24.9,28.5,14,0,0
2024-10-10 11:54:52,5.12,24.9,28.4,13,0,0
2024-10-10 11:54:53,5.12,24.5,28.4,13,0,0
2024-10-10 11:54:55,5.12,24.4,28.5,13,0,0
2024-10-10 11:54:58,5.12,24.3,28.2,13,0,0
2024-10-10 11:55:01,5.12,24.2,28.3,14,0,0
2024-10-10 11:55:03,5.12,24.5,28.2,14,0,0
2024-10-10 11:55:05,5.12,24.7,28.2,14,0,0
2024-10-10 11:55:07,5.12,24.4,28,14,0,0
2024-10-10 11:55:08,5.12,24.6,28,14,0,0
2024-10-10 11:55:11,5.12,24.5,28,13,0,0
2024-10-10 11:55:13,5.12,24.5,27.9,13,0,0
2024-10-10 11:55:16,5.12,24.5,27.9,13,0,0
2024-10-10 11:55:17,5.12,24.7,27.9,13,0,0
2024-10-10 11:55:20,5.12,24.7,27.8,13,0,0
2024-10-10 11:55:21,5.12,24.4,27.8,13,0,0
2024-10-10 11:55:23,5.12,24.6,27.8,12,0,0
2024-10-10 11:55:25,5.12,24.5,27.8,12,0,0
2024-10-10 11:55:27,5.12,24.5,27.6,12,0,0
2024-10-10 11:55:28,5.12,24.7,27.6,12,0,0
2024-10-10 11:55:31,5.12,24.5,27.6,12,0,0
2024-10-10 11:55:32,5.12,24.8,27.6,12,0,0
2024-10-10 11:55:33,5.12,24.5,27.5,12,0,0
2024-10-10 11:55:36,5.12,24.6,27.5,12,0,0
2024-10-10 11:55:38,5.12,24.6,27.4,11,0,0
2024-10-10 11:55:39,5.12,24.6,27.4,11,0,0
2024-10-10 11:55:42,5.12,24.5,27.4,11,0,0
2024-10-10 11:55:44,5.12,24.6,27.4,11,0,0
2024-10-10 11:55:47,5.12,24.4,27.3,11,0,0
2024-10-10 11:55:50,5.12,24.5,27.4,11,0,0
2024-10-10 11:55:52,5.12,24.7,26.9,12,0,0
2024-10-10 11:55:55,5.12,24.9,27.3,12,0,0
2024-10-10 11:55:56,5.12,24.6,27.3,12,0,0
2024-10-10 11:55:59,5.12,24.8,27.3,12,0,0
2024-10-10 11:56:01,5.12,24.5,27.1,12,0,0
2024-10-10 11:56:04,5.12,24.6,27.4,12,0,0
2024-10-10 11:56:07,5.12,24.3,27.2,12,0,0
2024-10-10 11:56:09,5.12,24.6,27.1,12,0,0
2024-10-10 11:56:12,5.12,24.3,27.1,11,0,0
2024-10-10 11:56:14,5.12,24.5,27.1,11,0,0
2024-10-10 11:56:17,5.12,24,27,11,0,0
2024-10-10 11:56:20,5.12,24.5,27,11,0,0
2024-10-10 11:56:21,5.12,24.5,27,11,0,0
2024-10-10 11:56:22,5.12,24.8,27,11,0,0
2024-10-10 11:56:25,5.12,24.4,27,11,0,0
2024-10-10 11:56:26,5.12,24.3,27,11,0,0
2024-10-10 11:56:28,5.12,24.5,26.9,11,0,0
2024-10-10 11:56:30,5.12,24.8,26.9,11,0,0
2024-10-10 11:56:31,5.12,24.9,26.9,11,0,0
2024-10-10 11:56:32,5.12,24.7,26.9,11,0,0
2024-10-10 11:56:33,5.12,24.6,26.9,11,0,0
2024-10-10 11:56:34,5.12,24.6,26.9,11,0,0
2024-10-10 11:56:36,5.12,24.8,26.8,11,0,0
2024-10-10 11:56:37,5.12,24.4,26.8,11,0,0
2024-10-10 11:56:38,5.12,24.7,26.8,10,0,0
2024-10-10 11:56:41,5.12,24.5,26.8,10,0,0
2024-10-10 11:56:42,5.12,24.2,26.8,10,0,0
2024-10-10 11:56:43,5.12,24.6,26.7,11,0,0
2024-10-10 11:56:44,5.12,24.6,26.7,11,0,0
2024-10-10 11:56:47,5.12,24.6,26.7,11,0,0
2024-10-10 11:56:48,5.12,24.2,26.7,11,0,0
2024-10-10 11:56:50,5.12,24.8,26.6,11,0,0
2024-10-10 11:56:53,5.12,24.5,26.6,11,0,0
2024-10-10 11:56:54,5.12,24.3,26.6,11,0,0
2024-10-10 11:56:57,5.12,24.5,26.8,11,0,0
2024-10-10 11:56:59,5.12,24.7,26.5,10,0,0
2024-10-10 11:57:02,5.12,24.5,26.6,10,0,0
2024-10-10 11:57:03,5.12,24.4,26.6,10,0,0
2024-10-10 11:57:04,5.12,24.3,26.5,10,0,0
2024-10-10 11:57:07,5.12,24.3,26.4,10,0,0
2024-10-10 11:57:08,5.12,24.7,26.4,10,0,0
2024-10-10 11:57:10,5.12,24.5,26.5,10,0,0
2024-10-10 11:57:11,5.12,24.6,26.5,10,0,0
2024-10-10 11:57:13,5.12,24.5,26.4,10,0,0
2024-10-10 11:57:14,5.12,24.3,26.4,10,0,0
2024-10-10 11:57:16,5.12,24.9,26.4,10,0,0
2024-10-10 11:57:17,5.12,24.3,26.4,10,0,0
2024-10-10 11:57:20,5.12,24.3,26.3,10,0,0
2024-10-10 11:57:22,5.12,24.5,26.3,10,0,0
2024-10-10 11:57:23,5.12,24.5,26.3,10,0,0
2024-10-10 11:57:25,5.12,24.7,26.3,10,0,0
2024-10-10 11:57:27,5.12,24.5,26.2,10,0,0
2024-10-10 11:57:28,5.12,24.6,26.2,10,0,0
2024-10-10 11:57:31,5.12,24.4,26.3,10,0,0
2024-10-10 11:57:32,5.12,24.5,26.3,10,0,0
2024-10-10 11:57:33,5.12,24.6,26.3,10,0,0
2024-10-10 11:57:34,5.12,24.6,26.3,10,0,0
2024-10-10 11:57:36,5.12,24.5,26.2,10,0,0
2024-10-10 11:57:37,5.12,24.4,26.2,10,0,0
2024-10-10 11:57:38,5.12,24.7,26.3,10,0,0
2024-10-10 11:57:39,5.12,24.4,26.3,10,0,0
2024-10-10 11:57:40,5.12,24.5,26.2,10,0,0
2024-10-10 11:57:42,5.12,24.4,26.2,10,0,0
2024-10-10 11:57:43,5.12,24.6,26.2,10,0,0
2024-10-10 11:57:44,5.12,24.4,26.2,10,0,0
2024-10-10 11:57:45,5.12,24.6,26.2,10,0,0
2024-10-10 11:57:46,5.12,24.8,26.2,10,0,0
2024-10-10 11:57:47,5.12,24.4,26.2,10,0,0
2024-10-10 11:57:49,5.12,24.4,26.2,10,0,0
2024-10-10 11:57:50,5.12,24.4,26.2,10,0,0
2024-10-10 11:57:51,5.12,24.4,26.2,10,0,0
2024-10-10 11:57:52,5.12,24.7,26.2,10,0,0
2024-10-10 11:57:55,5.12,24.3,25.9,10,0,0
2024-10-10 11:57:57,5.12,24.3,26.2,10,0,0
2024-10-10 11:57:59,5.12,24.7,26.2,10,0,0
2024-10-10 11:58:01,5.12,24.3,26.2,10,0,0
2024-10-10 11:58:04,5.12,24.4,26.1,10,0,0
2024-10-10 11:58:07,5.12,24,26.1,10,0,0
2024-10-10 11:58:08,5.12,24.7,26.1,10,0,0
2024-10-10 11:58:10,5.12,24.5,26,10,0,0
2024-10-10 11:58:11,5.12,24.5,26,10,0,0
2024-10-10 11:58:14,5.12,24.4,26,10,0,0
2024-10-10 11:58:15,5.12,24.4,26,10,0,0
2024-10-10 11:58:16,5.12,24.7,26,10,0,0
2024-10-10 11:58:17,5.12,24.3,26,10,0,0
2024-10-10 11:58:20,5.12,24.6,26,10,0,0
2024-10-10 11:58:21,5.12,24.4,26,10,0,0
2024-10-10 11:58:22,5.12,24.5,26,10,0,0
2024-10-10 11:58:24,5.11,39.5,26,10,0,1
2024-10-10 11:58:26,5.12,24.3,26,10,0,0
2024-10-10 11:58:27,5.12,24.5,26,10,0,0
2024-10-10 11:58:29,5.12,24.6,25.9,10,0,0
2024-10-10 11:58:31,5.12,24.4,26,10,0,0
2024-10-10 11:58:33,5.12,24.4,25.9,10,0,0
2024-10-10 11:58:35,5.12,24.3,25.9,10,0,0
2024-10-10 11:58:36,5.12,24.6,25.9,10,0,0
2024-10-10 11:58:37,5.12,24.6,25.9,10,0,0
2024-10-10 11:58:40,5.12,24.7,25.9,10,0,0
2024-10-10 11:58:41,5.12,24.2,25.9,10,0,0
2024-10-10 11:58:42,5.12,24.2,25.9,10,0,0
2024-10-10 11:58:43,5.12,24.3,25.9,10,0,0
2024-10-10 11:58:44,5.12,24.4,25.9,10,0,0
2024-10-10 11:58:45,5.12,24.6,25.9,10,0,0
2024-10-10 11:58:47,5.12,24.7,25.9,10,0,0
2024-10-10 11:58:48,5.12,24.5,25.9,10,0,0
2024-10-10 11:58:50,5.12,24.5,25.9,11,0,0
2024-10-10 11:58:52,5.12,24.7,25.9,11,0,0
2024-10-10 11:58:54,5.12,24.7,25.8,11,0,0
2024-10-10 11:58:55,5.12,25,25.8,11,0,0
2024-10-10 11:58:56,5.12,26.8,25.8,11,0,0
2024-10-10 11:58:58,5.12,27.9,25.8,11,0,0
2024-10-10 11:59:00,5.12,27.5,25.9,11,0,0
2024-10-10 11:59:03,5.12,26.1,26,11,0,0
2024-10-10 11:59:04,5.12,26.5,26,11,0,0
2024-10-10 11:59:07,5.12,26.2,26.2,12,0,0
2024-10-10 11:59:09,5.12,25.8,26.5,12,0,0
2024-10-10 11:59:10,5.12,25.5,26.5,12,0,0
2024-10-10 11:59:12,5.12,28.5,26.8,12,0,0
2024-10-10 11:59:14,5.12,28.7,26.8,12,0,0
2024-10-10 11:59:16,5.12,22.8,27.1,11,0,0
2024-10-10 11:59:17,5.12,24.7,27.1,11,0,0
2024-10-10 11:59:20,5.12,24.9,27.4,10,0,0
2024-10-10 11:59:23,5.12,26.9,27.8,10,0,0
2024-10-10 11:59:24,5.12,31.1,27.8,10,0,1
2024-10-10 11:59:25,5.12,27.6,27.9,10,0,0
2024-10-10 11:59:26,5.12,29.2,27.9,10,0,0
2024-10-10 11:59:29,5.12,29.5,28.2,10,0,0
2024-10-10 11:59:30,5.12,28.5,28.2,10,0,0
2024-10-10 11:59:32,5.12,29.3,28.5,10,0,0
2024-10-10 11:59:33,5.12,36.8,28.5,10,0,1
2024-10-10 11:59:35,5.12,35.6,28.8,10,0,1
2024-10-10 11:59:37,5.12,32.9,28.9,10,0,1
2024-10-10 11:59:38,5.12,31.6,28.9,10,0,1
2024-10-10 11:59:41,5.12,30.9,29,11,0,1
2024-10-10 11:59:44,5.12,30.7,29.3,11,0,1
2024-10-10 11:59:45,5.12,30.4,29.3,11,0,1
2024-10-10 11:59:47,5.12,30.5,29.1,11,0,1
2024-10-10 11:59:48,5.12,30.2,29.1,11,0,1
2024-10-10 11:59:50,5.12,30.1,29.4,11,0,1
2024-10-10 11:59:51,5.12,30.4,29.4,11,0,1
2024-10-10 11:59:53,5.12,27.5,29.6,10,0,0
2024-10-10 11:59:56,5.12,27.3,29.8,10,0,0
2024-10-10 11:59:57,5.12,23.9,29.8,10,0,0
2024-10-10 12:00:00,5.12,25.7,29.8,10,0,0
2024-10-10 12:00:02,5.12,25.9,30,10,1,0
2024-10-10 12:00:04,5.12,25.2,29.9,9,0,0
2024-10-10 12:00:07,5.12,25.9,30.2,9,1,0
2024-10-10 12:00:08,5.12,22.3,30.2,9,1,0
2024-10-10 12:00:11,5.12,18.9,30.2,9,1,0
2024-10-10 12:00:12,5.12,20.7,30.2,9,1,0
2024-10-10 12:00:15,5.12,25.8,30.4,9,1,0
2024-10-10 12:00:17,5.12,25.4,30.5,10,1,0
2024-10-10 12:00:19,5.12,25.3,30.7,9,1,0
2024-10-10 12:00:21,5.12,24.6,30.7,9,1,0
2024-10-10 12:00:23,5.12,24.6,30.8,9,1,0
2024-10-10 12:00:24,5.12,24.7,30.8,9,1,0
2024-10-10 12:00:27,5.12,22.3,31,9,1,0
2024-10-10 12:00:28,5.12,23.9,31,9,1,0
2024-10-10 12:00:31,5.12,23.6,31.3,9,1,0
2024-10-10 12:00:33,5.12,23.3,31.5,9,1,0
2024-10-10 12:00:35,5.12,20.9,31.7,9,1,0
2024-10-10 12:00:38,5.12,25.8,31.7,11,1,0
2024-10-10 12:00:39,5.12,20,31.7,11,1,0
2024-10-10 12:00:42,5.12,19.9,31.7,11,1,0
2024-10-10 12:00:44,5.12,19.4,32,10,1,0
2024-10-10 12:00:46,5.12,19.2,32,10,1,0
2024-10-10 12:00:48,5.12,19.5,32,11,1,0
2024-10-10 12:00:51,5.12,19,32,11,1,0
2024-10-10 12:00:53,5.12,19,31.9,10,1,0
2024-10-10 12:00:54,5.12,19.4,31.9,10,1,0
2024-10-10 12:00:57,5.12,19.5,32,10,1,0
2024-10-10 12:00:59,5.12,19.2,31.9,9,1,0
2024-10-10 12:01:01,5.12,19.3,31.9,9,1,0
2024-10-10 12:01:03,5.12,19,31.5,9,1,0
2024-10-10 12:01:04,5.12,19,31.5,9,1,0
2024-10-10 12:01:07,5.12,19.1,31.6,9,1,0
2024-10-10 12:01:08,5.12,19,31.6,9,1,0
2024-10-10 12:01:09,5.12,19.2,31.5,9,1,0
2024-10-10 12:01:10,5.12,19.1,31.5,9,1,0
2024-10-10 12:01:13,5.12,19.4,31.4,9,1,0
2024-10-10 12:01:14,5.12,19.1,31.4,9,1,0
2024-10-10 12:01:17,5.12,18.8,31.1,9,1,0
2024-10-10 12:01:19,5.12,19.2,31,9,1,0
2024-10-10 12:01:22,5.12,19.1,30.8,9,1,0
2024-10-10 12:01:23,5.12,19.4,30.8,9,1,0
2024-10-10 12:01:26,5.12,19,30.8,9,1,0
2024-10-10 12:01:28,5.12,18.9,30.8,9,1,0
2024-10-10 12:01:31,5.12,25.2,30.6,9,1,0
2024-10-10 12:01:33,5.12,24.6,30.5,9,1,0
2024-10-10 12:01:35,5.12,21.7,30.3,9,1,0
2024-10-10 12:01:38,5.12,21.6,30.3,9,1,0
2024-10-10 12:01:40,5.12,21.3,30.2,9,1,0
2024-10-10 12:01:43,5.12,21.1,30.2,9,1,0
2024-10-10 12:01:45,5.12,21.5,30.1,9,1,0
2024-10-10 12:01:48,5.12,21,29.9,9,0,0
2024-10-10 12:01:51,5.12,20.9,29.8,9,0,0
2024-10-10 12:01:53,5.12,21.3,29.6,9,0,0
2024-10-10 12:01:55,5.12,21.1,29.6,9,0,0
2024-10-10 12:01:58,5.12,21.1,29.5,9,0,0
2024-10-10 12:01:59,5.12,21,29.5,9,0,0
2024-10-10 12:02:02,5.12,21,29.6,9,0,0
2024-10-10 12:02:03,5.12,20.9,29.6,9,0,0
2024-10-10 12:02:04,5.12,21.1,29.3,9,0,0
2024-10-10 12:02:07,5.12,21,29.3,9,0,0
2024-10-10 12:02:08,5.12,21,29.3,9,0,0
2024-10-10 12:02:10,5.12,20.9,29.3,9,0,0
2024-10-10 12:02:13,5.12,21,29.1,9,0,0
2024-10-10 12:02:15,5.12,21,29,9,0,0
2024-10-10 12:02:18,5.12,20.7,29,9,0,0
2024-10-10 12:02:19,5.12,21,29,9,0,0
2024-10-10 12:02:22,5.12,20.7,29,9,0,0
2024-10-10 12:02:24,5.12,20.7,28.8,9,0,0
2024-10-10 12:02:26,5.12,20.5,28.8,9,0,0
2024-10-10 12:02:28,5.12,20.6,28.8,9,0,0
2024-10-10 12:02:31,5.12,20.4,28.7,9,0,0
2024-10-10 12:02:33,5.12,20.9,28.5,9,0,0
2024-10-10 12:02:35,5.12,20.8,28.5,9,0,0
2024-10-10 12:02:37,5.12,20.6,28.5,9,0,0
2024-10-10 12:02:38,5.12,20.7,28.5,9,0,0
2024-10-10 12:02:41,5.12,20.9,28.4,9,0,0
2024-10-10 12:02:42,5.12,21,28.4,9,0,0
2024-10-10 12:02:44,5.12,20.6,28.3,9,0,0
2024-10-10 12:02:46,5.12,20.6,28.3,9,0,0
2024-10-10 12:02:48,5.12,20.9,28.2,9,0,0
2024-10-10 12:02:49,5.12,20.9,28.2,9,0,0
2024-10-10 12:02:52,5.12,21,28.1,10,0,0
2024-10-10 12:02:53,5.12,20.6,28.1,10,0,0
2024-10-10 12:02:56,5.12,20.5,28,10,0,0
2024-10-10 12:02:58,5.12,20.6,27.9,10,0,0
2024-10-10 12:03:01,5.12,20.6,27.8,10,0,0
2024-10-10 12:03:02,5.12,20.6,27.8,10,0,0
2024-10-10 12:03:03,5.12,20.7,27.8,10,0,0
2024-10-10 12:03:04,5.12,20.7,27.8,10,0,0
2024-10-10 12:03:06,5.12,20.9,27.8,9,0,0
2024-10-10 12:03:08,5.12,21.1,27.7,9,0,0
2024-10-10 12:03:09,5.12,20.8,27.7,9,0,0
2024-10-10 12:03:12,5.12,20.6,27.9,9,0,0
2024-10-10 12:03:15,5.12,20.8,27.6,9,0,0
2024-10-10 12:03:17,5.12,20.7,27.6,9,0,0
2024-10-10 12:03:18,5.12,20.7,27.6,9,0,0
2024-10-10 12:03:21,5.12,20.5,27.5,9,0,0
2024-10-10 12:03:24,5.12,20.7,27.4,9,0,0
2024-10-10 12:03:26,5.12,20.6,27.4,9,0,0
2024-10-10 12:03:27,5.12,20.8,27.4,9,0,0
2024-10-10 12:03:30,5.12,20.6,27.5,9,0,0
2024-10-10 12:03:33,5.12,20.7,27.3,9,0,0
2024-10-10 12:03:35,5.12,20.5,27.3,9,0,0
2024-10-10 12:03:38,5.12,20.4,27.3,9,0,0
2024-10-10 12:03:39,5.12,20.8,27.3,9,0,0
2024-10-10 12:03:42,5.12,20.5,27.3,9,0,0
2024-10-10 12:03:44,5.12,20.4,27.1,9,0,0
2024-10-10 12:03:45,5.12,20.7,27.1,9,0,0
2024-10-10 12:03:48,5.12,20.7,27.1,9,0,0
2024-10-10 12:03:49,5.12,20.6,27.1,9,0,0
2024-10-10 12:03:51,5.12,20.3,27.1,9,0,0
2024-10-10 12:03:52,5.12,20.7,27.1,9,0,0
2024-10-10 12:03:55,5.12,20.6,27,9,0,0
2024-10-10 12:03:58,5.12,20.6,26.9,9,0,0
2024-10-10 12:04:00,5.12,20.5,27,9,0,0
2024-10-10 12:04:01,5.12,20.7,27,9,0,0
2024-10-10 12:04:04,5.12,20.4,26.8,9,0,0
2024-10-10 12:04:07,5.12,20.6,26.8,9,0,0
2024-10-10 12:04:08,5.12,20.6,26.8,9,0,0
2024-10-10 12:04:10,5.12,20.4,26.7,9,0,0
2024-10-10 12:04:13,5.12,20.6,26.8,9,0,0
2024-10-10 12:04:15,5.12,20.3,26.7,9,0,0
2024-10-10 12:04:18,5.12,20.4,26.6,9,0,0
2024-10-10 12:04:19,5.12,20.5,26.6,9,0,0
2024-10-10 12:04:22,5.12,20.3,26.8,9,0,0
2024-10-10 12:04:24,5.12,20.4,26.6,9,0,0
2024-10-10 12:04:27,5.12,20.3,26.6,9,0,0
2024-10-10 12:04:28,5.12,20.6,26.6,9,0,0
2024-10-10 12:04:29,5.12,20.5,26.6,9,0,0
2024-10-10 12:04:30,5.12,20.6,26.6,9,0,0
2024-10-10 12:04:32,5.12,20.3,26.5,9,0,0
2024-10-10 12:04:34,5.12,20.6,26.5,10,0,0
2024-10-10 12:04:36,5.12,20.2,26.5,10,0,0
2024-10-10 12:04:38,5.12,20.4,26.3,10,0,0
2024-10-10 12:04:41,5.12,20.3,26.5,10,0,0
2024-10-10 12:04:43,5.12,20.2,26.5,9,0,0
2024-10-10 12:04:44,5.12,20.6,26.5,9,0,0
2024-10-10 12:04:47,5.12,20,26.4,9,0,0
2024-10-10 12:04:49,5.12,20.4,26.4,9,0,0
2024-10-10 12:04:50,5.12,20.1,26.4,9,0,0
2024-10-10 12:04:53,5.12,20.2,26.3,9,0,0
2024-10-10 12:04:54,5.12,20.6,26.3,9,0,0
2024-10-10 12:04:56,5.12,20.4,26.3,9,0,0
2024-10-10 12:04:59,5.12,20.6,26.2,9,0,0
2024-10-10 12:05:00,5.12,20.4,26.2,9,0,0
2024-10-10 12:05:03,5.12,20.5,26.2,9,0,0
2024-10-10 12:05:05,5.12,20.3,26.3,9,0,0
2024-10-10 12:05:08,5.12,20.2,26.2,9,0,0
2024-10-10 12:05:09,5.12,20.2,26.2,9,0,0
2024-10-10 12:05:10,5.12,20.1,26.2,9,0,0
2024-10-10 12:05:11,5.12,20.4,26.2,9,0,0
2024-10-10 12:05:14,5.12,20.6,26.2,9,0,0
2024-10-10 12:05:15,5.12,20.5,26.2,9,0,0
2024-10-10 12:05:17,5.12,20.4,25.9,9,0,0
2024-10-10 12:05:19,5.12,20.6,25.9,9,0,0
2024-10-10 12:05:21,5.12,20.2,26.1,9,0,0
2024-10-10 12:05:24,5.12,20.4,26.1,9,0,0
2024-10-10 12:05:26,5.12,20.6,26,9,0,0
2024-10-10 12:05:28,5.12,20.3,26,9,0,0
2024-10-10 12:05:30,5.12,20.1,25.9,9,0,0
2024-10-10 12:05:31,5.12,20.2,25.9,9,0,0
2024-10-10 12:05:34,5.12,20.3,25.9,9,0,0
2024-10-10 12:05:36,5.12,20.6,25.9,9,0,0
2024-10-10 12:05:39,5.12,20.4,25.9,9,0,0
2024-10-10 12:05:40,5.12,20.5,25.9,9,0,0
2024-10-10 12:05:43,5.12,20.4,26,9,0,0
2024-10-10 12:05:44,5.12,20.4,26,9,0,0
2024-10-10 12:05:47,5.12,20.3,25.9,10,0,0
2024-10-10 12:05:49,5.12,20,25.9,10,0,0
2024-10-10 12:05:52,5.12,20.2,25.8,10,0,0
2024-10-10 12:05:53,5.12,20.1,25.8,10,0,0
2024-10-10 12:05:56,5.12,20.1,25.9,10,0,0
2024-10-10 12:05:57,5.12,20.2,25.9,10,0,0
2024-10-10 12:05:59,5.12,20.4,25.8,10,0,0
2024-10-10 12:06:01,5.12,20.2,25.8,10,0,0
2024-10-10 12:06:03,5.12,20,25.8,10,0,0
2024-10-10 12:06:05,5.12,19.8,25.8,9,0,0
2024-10-10 12:06:08,5.12,20.4,25.8,10,0,0
2024-10-10 12:06:09,5.12,20.6,25.8,10,0,0
2024-10-10 12:06:10,5.12,20.2,25.8,10,0,0
2024-10-10 12:06:13,5.12,20.3,25.7,10,0,0
2024-10-10 12:06:14,5.12,20.2,25.7,10,0,0
2024-10-10 12:06:16,5.12,20.4,25.8,10,0,0
2024-10-10 12:06:18,5.12,19.8,25.8,10,0,0
2024-10-10 12:06:20,5.12,20.4,25.8,9,0,0
2024-10-10 12:06:23,5.12,20,25.6,10,0,0
2024-10-10 12:06:25,5.12,20.1,25.6,9,0,0
2024-10-10 12:06:27,5.12,20.1,25.6,9,0,0
2024-10-10 12:06:29,5.12,20,25.7,9,0,0
2024-10-10 12:06:32,5.12,20.2,25.6,9,0,0
2024-10-10 12:06:34,5.12,20.1,25.6,9,0,0
2024-10-10 12:06:36,5.12,20.3,25.6,9,0,0
2024-10-10 12:06:38,5.12,20.1,25.4,9,0,0
2024-10-10 12:06:39,5.12,20.2,25.4,9,0,0
2024-10-10 12:06:42,5.12,20.3,25.6,9,0,0
2024-10-10 12:06:44,5.12,20.1,25.6,9,0,0
2024-10-10 12:06:47,5.12,20.1,25.5,10,0,0
2024-10-10 12:06:50,5.12,20,25.5,10,0,0
2024-10-10 12:06:51,5.12,20.1,25.5,10,0,0
2024-10-10 12:06:54,5.12,20.3,25.6,10,0,0
2024-10-10 12:06:56,5.12,20,25.5,10,0,0